"AirPtCd","Sd_Max_Temp","Max_Temp","Sd_Min_Temp","Min_Temp","Sd_Precip","Mean_Precip","Sd_Max_DewPoint","Max_DewPoint","Sd_Min_DewPoint","Min_DewPoint","Sd_Max_Humidity","Max_Humidity","Sd_Min_Humidity","Min_Humidity","Sd_Max_Sea_Level_Press","Max_Sea_Level_Press","Sd_Min_Sea_Level_Press","Min_Sea_Level_Press","Sd_Vis","Min_Vis","Sd_CloudCover","CloudCover","Sd_Mean_Wind_Speed","Sd_Max_Wind_Speed","Max_Wind_Speed","Mean_Wind_Speed","Sd_Max_Gust","Max_Gust","elevation","dist2coast","longitude","latitude"
"KAAO",19.05769330536,70.2921739130435,18.1618999759273,48.7249782419495,0.326365351156877,0.0897660311958406,17.5223640494589,52.2574171029668,19.4546197061917,41.8158813263525,10.8903258680591,88.348167539267,15.9639652289016,45.4659685863874,0.215937480169187,30.1136135181976,0.215355862654688,29.9051993067591,3.60475242916899,7.45724258289703,2.61496254849119,2.37075718015666,4.28024530537118,6.57464195183198,18.6501305483029,10.3637946040035,10.6134421488573,24.7180156657963,429,893.230688390561,-97.2833,37.7167
"KACY",17.4798790303142,66.6289905090595,17.4518155671658,47.1518550474547,0.410159790489403,0.141225194132873,17.1370077214231,52.2601908065915,19.8834132448528,39.8291413703382,12.7515464620244,88.3385281385281,17.0792321346477,48.2744588744589,0.199325126737658,30.1384256055363,0.213712555648535,29.9412197231834,4.11822447359043,6.1153512575889,2.71537518276112,3.17172593235039,3.91491684662089,6.19955328835792,19.1601731601732,8.60069144338807,8.56665992891408,25.5147058823529,4,0.530993377514091,-74.4167,39.3667
"KAGC",19.0317232775998,63.1855047454702,17.4135002516504,46.0379637618637,0.28158296438478,0.122251941328732,17.1153532641208,47.0500431406385,19.1248381610477,35.7532355478861,10.4822727680417,82.7739430543572,13.6430552522689,45.5392579810181,0.188285444841854,30.1467730802416,0.199759753089933,29.9487144089733,3.8607227310428,4.91285591026747,2.66733287905933,4.10267471958585,3.18993650517066,5.30218807220715,14.267471958585,7.48403796376186,10.0195932547573,20.2251941328732,276,171.392733413943,-79.95,40.45
"KALB",20.1978081973743,61.2614322691976,18.5620077574599,41.7368421052632,0.275039497230705,0.108593615185505,18.3632410096577,45.0189818809318,20.3829450298629,33.3563416738568,10.7156733429958,83.8757549611734,14.0165702811322,45.48835202761,0.215204730799537,30.1351682484901,0.228192649788007,29.9143226919758,3.94241370002653,6.78688524590164,2.14700179586479,5.25107851596204,3.80477716503608,6.71052669709959,18.8075927523727,7.57290767903365,9.0117942294063,25,26,1.25016201835889,-73.75,42.6667
"KAMA",17.5304732182672,73.9827437446074,16.4046285941249,46.6997411561691,0.238237597634138,0.0701207937877481,15.3485358442518,47.9870578084556,17.2146289143324,35.9154443485764,13.7025191967879,83.3796376186367,17.2173316385716,33.3494391716997,0.200580890044682,30.1139344262295,0.200292562680323,29.861734253667,3.73183718272507,7.39516824849008,2.52892503120528,1.99309749784297,4.01247809697135,7.06730968836352,24.7299396031061,12.6496980155306,9.17316812561359,31.3201035375324,1115,848.612407082042,-101.833,35.1833
"KANJ",20.9065856749257,52.9870578084556,19.0295103613555,36.0189818809318,0.247734556268496,0.104585849870578,18.2463411163676,41.1235857267189,20.3989409766658,29.6892950391645,7.98388423174705,89.7449956483899,14.9834763617713,55.1636205395996,0.216167912920955,30.0965970409051,0.252318922270119,29.8615230635335,4.16235057552104,4.79199303742385,2.86792043618129,4.67449956483899,2.9245463539518,4.97054319726,16.3542210617929,7.08442123585727,7.45425119891264,22.7885117493473,186,0.230149703271266,-84.35,46.5
"KART",19.9401410798656,57.95340811044,20.1736875580603,37.6160483175151,0.246087300502611,0.0948533218291631,17.8039542139206,45.4995685936152,20.8961005258449,32.3606557377049,9.1987710851646,90.2493528904228,14.2271191017168,52.0431406384814,0.223297137325023,30.1143917169974,0.237757520760444,29.884572907679,3.99427576630272,4.61917098445596,2.83313831059901,4.20793787748059,3.69833443433359,5.76453440429104,18.1708369283865,7.93270060396894,8.72437913852889,24.7471958584987,149,8.70822929534812,-75.9167,43.9667
"KATL",14.3890344331367,75.3226919758412,14.6063046024591,56.5893011216566,0.396835113514557,0.146238136324418,15.0450706087662,57.1578947368421,17.7763278908194,47.2303710094909,11.9280705625801,84.7471958584987,16.3511581881578,45.3226919758412,0.153323211454542,30.1462812769629,0.158988465040759,30.0016220880069,3.87233342836354,6.9732528041415,2.29145815594853,4.53408110440034,3.07474334725627,5.66044074738089,18.0293356341674,7.78774805867127,7.30430160074278,23.5668679896462,309,218.315532137801,-84.3833,33.75
"KAVP",19.8186599536982,62.7713546160483,17.2869032437247,43.5202761000863,0.254398876240377,0.0943313201035375,17.7333994545144,46.7377049180328,19.5756338045495,35.244176013805,11.3096941219718,85.1716997411562,14.334432453043,45.6333045729077,0.197830100518436,30.1303537532355,0.216110768654133,29.9227437446074,3.73324809420753,5.7886108714409,2.70015489398844,4.31665228645384,2.92304090218804,5.47911326525139,16.8188093183779,6.40897325280414,7.51378555457214,23.2830025884383,269,135.623851861308,-75.65,41.4
"KBAD",15.0699775187388,77.8931364031277,14.878871079264,57.24674196351,0.573430352269716,0.160642919200695,14.1300763054233,62.2919200695048,16.4652465299845,52.2145960034752,8.34707620122493,95.125977410947,17.0653735352595,49.2041702867072,0.169095136274297,30.1242571676803,0.16222606111301,29.9714769765421,3.74470038142236,6.63683753258036,2.54874526855855,2.68462206776716,3.27351596497383,5.56431026703047,13.8462206776716,6.16333622936577,8.57144491690786,16.0773240660295,46,229.371466675819,-93.7,32.4667
"KBFI",13.2613483912816,64.2182916307161,9.88237465647199,49.55823986195,0.242484725564491,0.104477998274374,8.02008584784847,49.2666091458154,9.40209790727052,41.6885245901639,10.1461845112393,86.6591889559966,16.3268206891588,51.2415875754961,0.183505998953539,30.1116048317515,0.220052004096245,29.9313459879206,3.29823179419515,7.29939603106126,2.63846993863452,4.66695427092321,2.64069313912635,3.77269126306096,11.1553062985332,4.69197584124245,7.71870699843684,14.6436583261432,41,1.16717030172924,-122.333,47.6167
"KBFM",11.809041809674,78.8144952545298,13.3981266848063,61.6358930112166,0.503969527202013,0.175936151855047,12.5445939349966,66.2389991371872,15.9916108955022,56.4374460742019,7.46243618747808,94.3071613459879,16.6952626030233,56.0224331320104,0.145467819180674,30.1367299396031,0.144392820896823,30.0128213977567,3.88968793931641,6.39171699741156,2.42209991885481,2.69542709232097,3.28535602658744,4.97936929414386,14.0992234685073,6.47368421052632,8.37396126379848,18.0793787748059,4,1.03233501241086,-88.05,30.7
"KBGR",20.9210209165478,56.9490940465919,19.8496809090502,36.2433132010354,0.286284669592635,0.105064710957722,18.5077980965187,42.9663503019845,21.4390678650397,30.4978429680759,10.4606200786961,91.0172562553926,17.4914902841466,49.411561691113,0.2371076329955,30.1060914581536,0.2626103690576,29.8621484037964,4.20113379398243,5.73425366695427,2.30734208367386,4.99741156169111,3.44474029606516,5.58971565489271,18.1889559965487,6.87230371009491,7.61019975771775,23.8645383951682,46,0.778842958159734,-68.7833,44.8
"KBHB",17.9487950363638,54.6377192982456,17.6833079058904,37.6973684210526,0.317615845578861,0.1023402417962,17.2625302254127,45.7304653204565,20.446348875687,32.7620719929763,8.71459247725273,95.3538191395961,19.6809567533268,57.0983318700615,0.233654507087248,30.1131336805556,0.264194685522186,29.8677864583333,4.072354310956,5.27288428324698,2.80958426177287,3.87219343696028,3.35767067300012,4.89034501133266,14.8566493955095,6.22193436960276,8.27575160876417,19.9205526770294,35,0.436334326441694,-66.99,44.91
"KBHM",14.8200607343419,76.5340811044003,15.51631648673,56.0802415875755,0.42210584838893,0.154124245038827,14.5869176393568,58.8144952545298,17.783818641943,48.3451251078516,9.28085515689108,89.8274374460742,16.5793614007894,45.1423641069888,0.153576674280401,30.1578515962036,0.158387800187613,30.0119499568594,3.57331893607681,7.08283002588438,2.43462799092932,4.00690250215703,2.88655517848475,5.68873186849812,17.1485319516408,5.98360655737705,7.81901744096335,22.6410698878343,172,308.411807455544,-86.8333,33.5
"KBIS",24.3681495105249,59.0267471958585,21.1171567687429,34.1949956859361,0.19036461324623,0.0522131147540984,18.973582434334,41.1199309749784,20.6939553358241,28.7756686798965,9.09324810382716,89.4961173425367,17.9343065579125,45.3252804141501,0.238511208347994,30.1210440034512,0.23721192980772,29.8711820534944,3.80322470132313,6.86194995685936,2.78393791767406,3.1251078515962,4.0768957745739,7.35738504885254,21.0120793787748,9.26402070750647,9.98865047734226,26.9516824849008,499,659.649239504502,-100.783,46.8
"KBJC",18.9524631641612,65.8817946505608,15.4699185324995,42.5780845556514,0.161759479657501,0.0473413063477461,14.0657068098873,38.3494391716997,14.5988520711475,24.9447799827437,20.1808718023343,74.772217428818,18.0546768403145,28.4029335634167,0.168036984422939,30.1639861949957,0.199524226554601,29.9757722174288,3.50688422133314,8.06920415224914,2.02184369426587,2.86453839516825,3.62259807546393,8.32803372715624,18.0883116883117,6.41156169111303,12.325556157441,23.1934369602763,1583,1297.9486655597,-105,39.75
"KBKE",21.3009673159457,62.1108225108225,13.6408793181389,32.3757575757576,0.0854045314477036,0.0230935875216638,10.9334049717862,39.3509532062392,12.2326417668004,27.4540727902946,9.47679536332138,89.8769497400347,20.8060396649404,40.0173310225303,0.205874446792894,30.1444367417678,0.207243378595443,29.946143847487,4.02878870396653,6.87001733102253,2.71599098446718,2.56759098786828,3.88100861124613,7.0048067903989,18.9818024263432,7.03292894280763,9.03968658571308,23.9636048526863,1046,334.121838241707,-117.833,44.7833
"KBKL",19.3324162867447,61.1096605744125,18.2790082822359,47.9077458659704,0.222433822154529,0.0859447799827437,17.2919221380513,49.2375979112272,18.2874679113932,37.7702349869452,9.91410521142661,82.6640557006092,12.7609539447134,53.2349869451697,0.198055679487044,30.1263157894737,0.21428613914909,29.9213201035375,3.70759832776546,6.08714408973253,2.71457607048456,4.08196721311475,4.82977570257749,6.65433734681974,19.0690250215703,11.1984469370147,10.5660368850219,24.3304572907679,252,5.47734254723622,-81.6167,41.4667
"KBNA",17.1956758086664,73.4469370146678,16.430378365636,52.4477998274374,0.333834254559532,0.133684210526316,16.1790624072909,55.3710094909405,18.5493365678434,44.8869715271786,9.76667875515191,87.7730802415876,15.8026749703811,44.6574633304573,0.172518902270824,30.1477998274374,0.174876366434898,29.9860655737705,3.66497024903954,6.69370146678171,2.38229147597286,4.77825711820535,3.11598200571621,5.77886635974174,16.6712683347714,6.36755823986195,7.99379202654678,23.0880069025022,153,521.55030682508,-86.7833,36.1667
"KBOI",21.662737182264,67.0207075064711,15.8843981810176,44.6246764452114,0.1090533039382,0.0339646246764452,10.1254933413662,40.153580672994,10.0522509796301,29.0483175150992,19.5888666277404,72.2847282139776,20.6201600930725,33.8357821953328,0.217154418336564,30.0980069025022,0.221076507031036,29.8966436583261,3.56312471766246,7.45901639344262,2.72391363870504,2.3244176013805,3.07266058106965,6.03437862822973,18.3037100949094,7.1993097497843,7.97467654428401,23.4564279551337,838,505.698220187224,-116.217,43.6
"KBOS",18.6303351233107,61.3002588438309,17.1395910589615,46.0854184641933,0.286652630193912,0.105690250215703,17.2308078532916,47.6125970664366,20.0032542828903,35.0672993960311,14.2978418470274,83.8188093183779,17.9273193717736,48.4193270060397,0.219550397702077,30.1216738567731,0.24172276885728,29.8958067299396,3.92921065013324,6.94132873166523,2.34867451835224,4.72735116479724,3.64902203237294,5.8944875289473,20.8471502590674,10.8990509059534,8.28130985646766,27.0967184801382,3,0.525408065829197,-71.0833,42.35
"KBUF",19.9305082315683,59.1561691113028,18.0311229772152,42.8490077653149,0.267373994669047,0.107459016393443,17.0425452824082,46.1009490940466,18.6388659426028,34.314063848145,8.8237055112946,85.739430543572,14.0580800571568,50.6962899050906,0.205860672662404,30.12340811044,0.225770075794074,29.9037359792925,3.91936686094989,6.01984469370147,2.12508736533832,5.36151855047455,3.96963132068242,6.74050632255618,20.8533218291631,10.1354616048318,9.4283730441862,27.1622088006903,198,2.96645569384218,-78.8333,42.9167
"KCEF",20.2108161454727,61.7144089732528,18.1659083589833,39.2622950819672,0.238867598213233,0.0888438308886972,18.2276361535661,46.4408973252804,20.5794300564047,32.9965487489215,10.0257413516394,92.2493528904228,16.223590278463,45.3546160483175,0.213491916708079,30.138153580673,0.235636658901532,29.9084814495255,4.28629140679227,5.18550474547023,2.65367653690502,3.86108714408973,3.72953921766635,5.86357898023279,15.1285591026747,5.89473684210526,9.37508887748998,19.1518550474547,59,75.6117322687279,-72.5667,42.1
"KCHS",12.8072649844217,78.839516824849,14.5572298992825,59.137187230371,0.60242968597611,0.176496980155306,13.337469815588,62.6842105263158,17.2594106979716,52.3330457290768,7.78769324723732,90.9542709232097,15.9733234220826,48.5685936151855,0.162752097777268,30.135823986195,0.170105982573679,29.9940552200173,3.67232639551762,6.92666091458154,2.32560268486278,3.8006902502157,2.85239269844187,5.20829532845292,17.8912855910267,7.4909404659189,7.56943043362999,23.4365832614323,7,0.804001229004098,-79.9333,32.7833
"KCLT",15.5662869949654,74.4305435720449,16.0458919577245,52.709232096635,0.330376455238952,0.118226919758412,16.0724519830493,54.809318377912,19.0794317156919,43.9654874892148,13.1118534237003,85.2890422778257,16.7820972150656,41.5832614322692,0.172518491112786,30.1496117342537,0.176804344081048,29.9858067299396,3.67166125253768,7.29939603106126,2.40476682687426,4.61432269197584,2.59282884473937,4.98090151131732,15.8514680483592,6.32182916307161,6.43148468358052,22.0647668393782,227,216.460172483272,-80.8333,35.2333
"KCNM",17.1588342142502,79.3830155979203,15.8427717090774,51.4423243712056,0.151224100183302,0.0298964624676445,14.879480592494,49.0779896013865,16.6252360276804,35.1897746967071,17.498317182235,77.0814558058925,18.0833452818395,28.080589254766,0.190962017203725,30.0692400690846,0.184432564592192,29.8195682210708,3.41682715410557,7.82950530035336,2.24193065337597,1.58376511226252,3.52176199801296,7.33932868105292,18.7366148531952,8.53540587219344,11.1371154005275,24.2141623488774,961,806.356119642403,-104.25,32.4333
"KCPS",19.5030999441084,69.2642487046632,17.7013288224141,49.3272884283247,0.330597737827206,0.119006908462867,17.4438202642614,52.5371329879102,19.100889713857,41.8842832469775,9.07851615096099,87.2029360967185,14.4603455375886,46.646804835924,0.20037287435586,30.1360276338515,0.203933843473201,29.9491623488774,3.91910330114039,6.11830742659758,2.72539316443077,2.90673575129534,3.58662394691672,5.41038855800025,14.1407599309154,6.16753022452504,9.24828249329041,18.6822107081174,127,370.829401029776,-90.2,38.5833
"KCQT",8.99770607613409,77.5366695427092,7.28955509075381,58.8766177739431,0.18305475174455,0.0321742881794651,7.90289965411876,56.2726488352028,13.536238329584,46.4434857635893,12.8318765779601,82.2424503882658,16.5133560113105,41.1760138050043,0.109828497246438,30.0136755823986,0.107113284817975,29.9089128559103,3.14650708077482,6.9016393442623,2.44029747699273,2.18119068162209,0.949254185166774,1.9892425363685,9.09145815358067,1.77911993097498,3.75191641255395,14.5962036238136,85,14.4138973406454,-118.25,34.05
"KCRW",17.9988861820431,68.5125107851596,16.5500161824868,47.5832614322692,0.2998303918363,0.130094909404659,16.8231215499603,52.0267471958585,19.2287325995913,41.3753235547886,10.2063936013032,91.5944779982744,15.9550543085636,46.565142364107,0.177978028890235,30.1483951682485,0.187564938711926,29.9663244176014,3.79215398991676,4.72217428817947,2.23534178667118,4.81018119068162,2.91730967656344,6.27028198813395,15.5677308024159,4.75668679896462,9.3083699182696,21.5927523727351,182,343.688190505856,-81.6333,38.35
"KCUB",14.6902783703245,78.1544434857636,15.1510154323011,57.3589301121657,0.48644225239805,0.146716997411562,14.256566003304,59.2512953367876,17.6699027301321,48.4041450777202,8.81989645128412,88.4291882556131,16.485105380124,42.6200345423143,0.170174422045549,30.1509437229437,0.171149245374635,29.9962597402597,3.69120043192295,6.26597582037997,2.62568007878328,2.70552677029361,2.14035929912217,4.86391513753365,13.0189818809318,3.67817083692839,6.88908605417572,18.8757549611734,98,101.518472095842,-81.0333,34
"KCYS",19.4726669102896,62.1744386873921,16.0154091181101,36.8835202761001,0.138107545351268,0.0434987057808456,14.616069010735,36.2709232096635,15.0349243214044,23.4219154443486,16.08584816352,77.6100086281277,18.2118789117286,30.1742881794651,0.198322198921709,30.139119930975,0.197998015931617,29.8460396893874,3.99134929263618,6.89387402933563,2.54884787562193,2.54788610871441,4.01311905771405,7.80973822598741,24.725625539258,11.3753235547886,10.4465207581278,32.702329594478,1866,1192.79540926089,-104.867,41.15
"KDAL",16.1406780868886,79.0664365832614,15.5271404797862,60.8886971527179,0.401103168214424,0.120431406384814,13.9530125437501,59.4132873166523,16.2596548890276,49.2924935289042,11.3537317446518,81.3468507333909,15.4538170182982,42.8239861949957,0.183983792731279,30.0966177739431,0.17793149631818,29.9232528041415,3.45626352282064,7.45297670405522,2.52285048869354,4.22864538395168,3.56154788055446,5.40810782485321,17.0440034512511,9.14150129421915,8.9848868454146,22.6393442622951,132,358.630563286304,-96.7667,32.7667
"KDBQ",21.3006695867406,58.7903364969802,19.5642032122705,40.55823986195,0.297152205399414,0.104068162208801,19.0761183245845,46.7219808861859,20.4809318879016,35.8644656820156,9.00001594915002,91.7072111207646,16.356540302967,56.9478714161599,0.210354978400827,30.1278540399652,0.22975670050537,29.9161077324066,4.0590658485699,5.75412684622068,2.74569536691271,3.52393385552654,4.16464771720903,6.80883927321515,20.4745030250648,9.98360655737705,8.91781030995171,25.9317199654278,191,227.879265264259,-90.6667,42.5167
"KDET",20.2463192696416,60.7225583405359,18.0655748202212,44.6292134831461,0.299879160659522,0.0866148531951641,17.7550457839788,47.0561797752809,18.8217529761944,35.4140017286085,10.3261689537867,85.266205704408,14.3404004734728,49.8236819360415,0.239200490005117,30.1512791702679,0.273063029809022,29.8997234226448,3.76150449034688,6.27398444252377,2.73659477488898,3.69057908383751,3.38020266009263,4.69831917398699,15.0138288677615,7.62834917891098,9.06305228489577,20.6828003457217,183,0.891821612042991,-83.05,42.3333
"KDLH",22.3198471919764,52.2269197584124,20.3792375892747,34.5970664365833,0.250141745213147,0.0938136324417601,19.9809430249977,39.5591026747196,21.5258132913852,28.8110440034513,9.89104678765536,88.899913718723,16.9908218744188,54.5354058721934,0.223071737270114,30.10659188956,0.243720805765306,29.8758153580673,4.24398922750304,5.35461604831752,2.68273713439559,4.36701208981002,3.59344645159003,5.76135957042146,19.6376186367558,9.87920621225194,7.94909910830899,25.6988783433995,328,1.83677936211763,-92.0833,46.8167
"KDMH",18.4825810388338,67.8921484037964,17.2954388659844,52.9594477998274,0.356297087761597,0.115849870578085,17.8273235870658,50.8868739205527,20.0493416604539,39.4214162348877,15.1861775396891,77.7564766839378,15.4534311954782,43.6018998272884,0.201171855348713,30.1490681622088,0.206138687046087,29.9533132010354,NA,NA,NA,NA,NA,NA,NA,NA,NA,0,49,2.45071663997046,-76.6333,39.3
"KDOV",17.7315443034944,66.2157031924072,16.820384630773,49.4866264020707,0.359947594093973,0.134521138912856,17.9919051500227,56.7333908541846,19.7062168984815,44.1380500431406,9.85686121111522,95.2105263157895,18.0694559195568,57.3270060396894,0.198324645063868,30.1370664365833,0.210551957686537,29.9382139775669,3.76459177932177,6.48144952545298,2.5688146009541,3.15703192407248,3.79797912705158,6.05333064563024,16.6074201898188,8.4969801553063,9.62815343804012,20.7342536669543,11,0.999685066847905,-75.5267,39.1619
"KDSM",21.1726925237972,64.2838654012079,19.6568015789658,45.6669542709232,0.333714152954043,0.108481449525453,18.9395323767024,48.0224331320104,20.6812104525291,37.5867126833477,9.69594698502509,83.862812769629,15.6490777399423,48.2597066436583,0.221178912054105,30.1179206212252,0.225726181369197,29.9088524590164,3.74104141663895,6.84641932700604,2.45000983743261,4.77049180327869,3.61976601637636,6.60583652629609,20.427955133736,9.68766177739431,8.41686215982291,26.1639344262295,241,460.276546635131,-93.6167,41.5833
"KEED",17.7075758356802,90.1877729257642,15.9607868620736,66.4978165938865,0.0836177405288477,0.0111970613656007,14.428415535787,42.2541776605101,14.9995221325713,28.2165492957746,20.4771476756928,40.504837291117,11.1563776562605,15.2409850483729,0.17895308753114,29.9221496953873,0.202502954822218,29.7506266318538,1.52730802791473,9.63572060123784,1.4446767925093,0.670484581497797,3.59885178634529,7.4466538923081,18.8260489510489,7.92657342657343,10.2184037005025,24.0393356643357,152,313.310528948815,-114.6,34.8333
"KELP",15.2451956041387,80.4167385677308,15.0014803189514,55.7083692838654,0.137447408995715,0.0324762726488352,15.3254758007879,43.5064710957722,16.7603590100726,30.1397756686799,20.8336109686936,58.0621761658031,13.8516041519001,21.7454702329594,0.166625828117622,30.0247540983607,0.164700176968707,29.8023899913719,2.31648909100751,9.00517687661777,2.12371075329304,3.01466781708369,3.75230900216113,7.97709213909557,21.7109577221743,8.3304572907679,10.2426656799961,27.5901639344262,1137,968.504254826029,-106.483,31.7667
"KEUG",15.9334125388136,67.1529818496111,8.73491686441104,44.4598098530683,0.222908455597403,0.0951811906816221,7.66539499460788,49.8772687986171,7.92310560298967,40.476231633535,6.95386768466696,92.4200518582541,20.4489766722491,50.7191011235955,0.169778193588803,30.1247972389991,0.200534735721788,29.9541932700604,4.0853040622789,6.053494391717,2.62146552101501,4.70181503889369,2.96202060078099,5.39279421861747,16.3960310612597,6.94736842105263,7.12619851660252,20.6479723899914,131,78.4278153192353,-123.083,44.05
"KEYE",19.5832473982548,64.4771354616048,18.295272868503,46.5685936151855,0.420820116346899,0.122251941328732,17.5449820692985,50.113891285591,19.003045874735,39.4616048317515,9.90093842038996,87.5237273511648,14.5122019246908,50.618636755824,0.191897461198287,30.1338826574633,0.202528510308694,29.94670405522,3.82362738072766,6.17012089810017,2.75556145937609,3.43485763589301,3.14227003065892,5.83851919823671,16.6540120793788,6.80500431406385,8.12718349724567,23.137187230371,217,218.742202897454,-86.1667,39.7667
"KEYW",5.78366236729614,84.0051768766178,6.45143419385846,75.2234685073339,0.349793638140034,0.0999525452976704,5.73408655644995,73.725625539258,7.8975038403425,68.0276100086281,8.03308459134271,87.6540120793788,8.92879331366915,65.655737704918,0.0950470949940938,30.0842450388266,0.0959458681974496,29.9880069025022,3.28259436741197,8.03019844693701,1.70995927231047,2.10612597066437,3.35965443277602,4.69897777133522,17.6962899050906,9.64710957722174,6.25274891452273,23.1708369283865,2,0.398633115590693,-81.8,24.55
"KFAR",24.2574823538092,57.1794650560828,21.5185926248693,36.5064710957722,0.191378863726677,0.0548748921484038,19.9401077117563,41.6091458153581,21.722026476109,30.0267471958585,9.83639967209985,86.2691975841242,17.2250667393569,50.1018119068162,0.243640660349373,30.1013546160483,0.242959856364727,29.8683002588438,3.84033370733494,6.64797238999137,2.86352487070791,3.43830888697153,4.52067932245392,7.1254579060458,22.160483175151,11.1699741156169,9.11953781771245,28.1656600517688,275,355.724679911672,-96.8,46.8667
"KFAT",16.8582240923709,80.1164797238999,12.0103221180745,55.451251078516,0.139374227333726,0.0326876617773943,6.53872095770845,51.3839516824849,7.55643278819218,40.2467644521139,17.4323566380875,75.9180327868852,18.9060702838554,32.213977566868,0.15467484146802,30.0415962036238,0.157454220623205,29.9132786885246,3.3949513082603,7.0327868852459,2.44063300831652,3.12165660051769,2.8570761017333,4.86937581424229,14.300518134715,6.01811906816221,6.17453879093867,17.9801381692573,86,172.942611775745,-119.8,36.7333
"KFLG",15.5553566031696,63.1898188093184,13.5134335996092,34.3899913718723,0.307864054007439,0.0817601380500431,13.3660701939452,36.6934369602763,14.9164871797083,23.8730569948187,16.9409162460099,82.1614853195164,18.9820760295903,31.2435233160622,0.164101475665956,30.1610621761658,0.158253303841833,29.9362176165803,3.68535867576434,7.60708117443869,2.45647767651948,1.95509499136442,3.80490131910302,6.29243079818671,20.4050086355786,6.57808455565142,8.45566597264636,27.0655737704918,2262,567.917451147437,-111.683,35.2167
"KFSD",22.4572131372107,59.9490940465919,20.7937753910209,39.3132010353753,0.275397577734618,0.0811087144089733,19.1540566438285,45.5522001725626,20.8159140929365,34.2847282139776,8.92673675451391,89.8144952545298,16.249671455527,53.2691975841242,0.23086109265552,30.1177911993097,0.22746230756625,29.8914150129422,3.77316206245169,6.79896462467645,2.37007779890947,4.4495254529767,4.19061309345898,6.75096161341073,21.2286453839517,10.0086281276963,8.84744282505388,27.4754098360656,446,504.357855585059,-96.7333,43.55
"KGCK",19.8726668026875,71.013816925734,18.5338292663711,43.1027633851468,0.224273668785697,0.0607937877480587,16.8867580771363,46.7899740708729,18.7234368707175,35.1037165082109,10.8942754574812,86.8314606741573,17.3005045026033,35.8401037165082,0.219395802542938,30.1098446937015,0.219919504512747,29.8644262295082,3.67037729539527,7.1130284728214,2.47090146681771,2,3.93241443812087,7.76120483080712,24.5099223468507,11.8507333908542,9.82087632970049,31.0612597066437,866,1042.82142746049,-100.883,37.9667
"KGEG",20.6783217958158,61.588438308887,14.9304453947886,42.0638481449525,0.116260336435066,0.0453968938740293,10.2112116284935,40.2269197584124,10.1338958861929,30.0526315789474,18.6285800542613,79.7877480586713,24.1546639263766,42.2778257118205,0.206596203989832,30.0954443485764,0.214585119920311,29.8965573770492,4.09754603183681,6.64106988783434,2.32779788954485,4.84124245038827,3.77512954194161,6.85695203637252,18.1225194132873,8.1397756686799,8.67679962410726,22.8291630716135,580,353.231648350455,-117.433,47.6667
"KGJT",20.7797874545527,68.244176013805,17.1175643980536,42.0146678170837,0.0949531494237601,0.0300690250215703,12.0036522417985,37.8921484037964,12.3477866544518,25.6712683347714,23.317913160778,72.5099223468507,18.6974607846945,28.9283865401208,0.207919555681552,30.1149180327869,0.223731064636183,29.8738999137187,2.9576384210409,8.50043140638481,2.50462949498494,2.03796376186368,2.93377702722021,7.40591461159319,19.8274374460742,7.35375323554789,9.67357030062307,24.611734253667,1414,1026.46711089703,-108.55,39.0833
"KGRR",20.6452160384248,60.1846419327006,17.7243618357369,42.0966350301984,0.2661504019874,0.108943054357204,17.7299596808235,46.8654012079379,18.7464240749691,35.8421052631579,10.1110026114152,89.5634167385677,15.5254770924015,52.1613459879206,0.201930548946907,30.1256082830026,0.228086111997692,29.9131837791199,3.96652052201707,5.47713546160483,2.1799629857275,5.33735979292494,3.79782374906253,6.52057967641667,19.8195164075993,9.38481449525453,8.56487091227339,25.4831751509922,202,2.63877774429588,-85.6667,42.9667
"KHKS",14.332817012187,78.0621225194133,14.6599307029437,58.0724762726488,0.427797400675217,0.14213977566868,13.9828648730492,60.9853321829163,16.7911887605441,51.3485763589301,8.09647696844745,90.297670405522,16.1425447309985,47.6764452113891,0.156204196458804,30.1202761000863,0.153420581403758,29.9760655737705,3.82150947462621,6.12338222605695,2.59712426992594,2.7739430543572,3.03476081715432,5.16978336560753,13.3465859982714,5.47450302506482,8.94827347510462,18.1322385479689,95,197.637864805736,-90.2,32.3333
"KHLN",22.8019597200967,61.3701466781708,17.6973014915982,36.4141501294219,0.0898099237646197,0.0276358930112166,13.6466642054858,36.0414150129422,13.9257639227856,24.7972389991372,13.9568101445338,76.2182916307161,17.2540027651506,34.6867989646247,0.222209674262995,30.1752027610009,0.213994107952049,29.9293097497843,3.51342199853892,7.5893011216566,2.58298918155731,2.90250215703192,3.35541984566927,7.83361120687524,19.5858498705781,6.5030198446937,10.5123233307418,25.1544434857636,1286,769.39490312978,-112.033,46.5833
"KHOT",16.4172468078555,74.5856401384083,15.9375760228356,55.1237024221453,0.369928691666452,0.125669835782195,15.4018787896056,58.3131487889273,17.9358772705589,48.6193771626298,8.83724288714207,90.9896193771626,16.4751311307407,48.7932525951557,0.175409247078125,30.1278200692042,0.172171038954533,29.9664965397924,3.88798032270775,6.44727592267135,2.77656745503096,3.02508650519031,2.38967966947468,3.93789673470063,11.591341991342,4.52554112554113,8.32182016208332,15.812987012987,252,404.313331122476,-93.05,34.5167
"KHQM",9.75601782470487,59.6980155306299,8.06584642141836,46.5962036238136,0.407603044298854,0.200008628127696,7.9775831434582,51.3761946133797,9.51055788535821,44.0382276281494,5.83106927946675,96.9252823631625,15.2320024269216,67.9409209383145,0.183476039234992,30.1182830025884,0.230013216198861,29.9406298533218,2.12002128181161,2.76542137271937,2.72044712250908,5.00608166811468,3.57131340749289,6.81566408530073,19.7741094700261,9.09122502172024,8.99891522357826,24.4265855777585,3,1.11986883589356,-123.9,46.9833
"KHVN",17.8653459269164,61.8671268334771,17.26051913845,45.6712683347714,0.218989745362054,0.0732528041415013,17.1825128775557,49.2700603968939,20.0307431348706,36.8144952545298,11.350060350551,87.1173425366695,15.6353242605126,49.8490077653149,0.208862465049553,30.1307506471096,0.22715817131997,29.9204486626402,3.94957890762564,6.72735116479724,2.41766704314725,3.88869715271786,3.21125256081701,4.13939360531886,13.7273511647972,6.45556514236411,8.08103910418201,19.0500431406385,10,1.25921818190784,-72.9167,41.3167
"KHVR",23.5515371659194,60.1328731665229,18.2909352653342,33.4210526315789,0.119920472212171,0.0346462467644521,14.8895597953511,38.4900432900433,15.9987745428654,26.4987012987013,11.0251642981458,87.1071737251513,20.4038809867716,40.6479238754325,0.235062244260393,30.0998356401384,0.222119224571748,29.8566435986159,3.50899093138976,7.71143847487002,2.66482960713346,2.70869565217391,4.25174492310813,7.5359046103477,22.3797577854671,10.0242214532872,9.65930052384978,27.9065743944637,828,922.766156486327,-109.717,48.55
"KIDA",22.69548921486,60.9206212251941,15.646421509386,33.7679033649698,0.0955647671303611,0.0307463330457291,12.8960092297272,38.4874892148404,13.75802633747,25.9171699741156,10.1123002246636,87.6505608283003,22.6711303715969,39.0655737704918,0.225864438130944,30.1571786022433,0.217857124917429,29.9355047454702,3.74422114677519,7.14322691975841,2.67463457011302,3.18119068162209,4.05653971709008,7.14999583453587,20.2122519413287,8.51509922346851,9.41371769916744,25.8852459016393,1444,820.383309785529,-112.017,43.5
"KILM",13.616570564334,75.8050043140639,15.7162870277893,56.3908541846419,0.576015116066438,0.196561691113028,14.1119001536794,62.0146678170837,18.161907239993,51.006902502157,9.04442085445232,93.8343399482312,16.9136006321588,52.0422778257118,0.172873490351682,30.1422346850733,0.184072541486937,29.9849180327869,4.07182435211119,6.05608283002588,2.67473569125519,2.95427092320966,3.19716889125194,5.40437689750356,17.8826574633305,7.52631578947368,7.45224581378722,23.3071613459879,1,0.032304085021002,-77.95,34.2333
"KLBF",20.2842264545825,66.7540983606557,19.1097111319351,37.6764452113891,0.198020017720241,0.0603451251078516,17.8929745270501,45.3339100346021,19.2449976848217,32.8693771626298,7.90525289997564,90.3347750865052,15.9867939656424,39.8313148788927,0.220456829207537,30.1314100346021,0.224357303121032,29.8826124567474,3.6966237193581,7.33304423243712,2.61113672975876,2.5121107266436,3.41173087294238,6.96189580665158,21.0931837791199,8.60483175150992,9.0745339632964,27.4296807592752,854,929.593971295889,-100.767,41.1333
"KLMT",18.8271730785723,64.4520311149525,11.8738887303386,35.3344857389801,0.0993834830912914,0.034434857635893,9.36492328440788,40.9360414866033,9.4280174663539,27.8980121002593,9.03126426437565,89.218668971478,20.6855459064134,36.3491789109767,0.172252079266011,30.1107420189819,0.186287994769326,29.9335461604832,3.79381389673701,7.0923209663503,2.70081983465998,2.52631578947368,3.73359874313816,7.22657203191281,19.2105263157895,6.67989646246764,9.47533729405055,23.9456427955134,1245,199.077081860262,-121.733,42.1667
"KLND",22.745709540287,60.3013333333333,18.2089494519068,34.0195381882771,0.201106467169962,0.0495034542314335,13.5466477288516,33.6888888888889,14.0110629621799,21.0711111111111,17.470697016739,73.6035555555556,19.2068609644046,33.5928888888889,0.209391280331903,30.126124567474,0.219087187243058,29.8627162629758,3.51043255780549,7.66903914590747,2.49144046748163,1.88444444444444,2.79701523248019,9.21192302573738,20.416149068323,6.30079858030169,12.63679339778,25.8819875776398,1752,1101.38288820759,-108.667,42.8333
"KLNK",21.0023565125297,66.7333908541846,19.7917527675625,43.4193270060397,0.344899311128989,0.103239861949957,18.385973656407,48.7213114754098,20.2751285117603,37.7161345987921,9.05891349515836,87.9585849870578,15.9267924016773,46.2467644521139,0.229453820515219,30.1286885245902,0.232514280008512,29.9055478861087,3.57230770626657,6.7351164797239,2.75996402126561,2.77049180327869,4.00779720507939,7.06433178855417,21.6609145815358,9.71872303710095,8.99816648097668,27.2122519413287,354,722.515020603857,-96.6667,40.8333
"KLUK",18.7620026251933,66.2018981880932,16.9642413030727,45.9007765314927,0.297472645517034,0.116988783433995,17.4215754689399,53.351164797239,19.0309468423158,41.9482312338223,7.74691892026768,95.732528041415,14.2043872107675,52.7204486626402,0.190450492079319,30.1576445211389,0.197696741132506,29.9726315789474,3.82536388927018,4.1725625539258,2.61143650174146,3.5237273511648,3.56525701234377,5.67828283474298,13.8481449525453,5.03710094909405,10.0767588314237,18.3114754098361,253,284.443838641427,-84.5,39.1333
"KLWS",20.1908888216281,66.8838582677165,13.4292649568816,45.2178477690289,0.0988274423754081,0.0377311475409836,9.56862964449426,42.774130006566,9.10623236265251,33.1293499671701,17.9668373347158,76.7564018384767,19.9838346866315,38.4819435325016,0.204706692210542,30.1037335958005,0.216374110111107,29.9041666666667,3.46147754219212,7.9245406824147,2.87704800890641,2.96850393700787,2.73069348143447,6.45849461262028,15.8072131147541,5.45377049180328,8.66913904952936,20.4249180327869,245,386.017595287778,-117.033,46.4
"KMDW",20.5657804698115,62.5099223468507,18.7736902286575,46.7739430543572,0.297511689758843,0.10367558239862,18.2381586655752,47.6005176876618,19.4159696292281,36.3416738567731,10.6902241556061,81.5202761000863,15.6043339059262,41.04659188956,0.211804239879663,30.1255047454702,0.227282321163495,29.9154874892148,3.83189557694339,6.59447799827437,2.18659319204912,5.26660914581536,3.5751123361252,5.91691208174202,20.037100949094,9.94823123382226,8.02043422592976,26.4365832614323,181,0.91484400614386,-87.6167,41.8333
"KMEM",16.6524235291825,74.9723899913719,16.2474694213923,56.4245038826575,0.427447897943115,0.145245901639344,15.987799642722,57.648835202761,18.1161140277986,47.9603106125971,10.5570315803534,84.3917169974116,14.7937168411743,47.5254529767041,0.174568145810198,30.1315444348576,0.171585866177886,29.9754874892148,3.5697054296585,7.43054357204487,2.53080817296767,4.37273511647972,3.16566167658576,5.88992532391137,17.7480586712683,7.5504745470233,8.7928317109665,25.04659188956,80,480.81938785997,-90.05,35.15
"KMHT",20.3857134080103,61.4210526315789,18.1632961637904,42.3252804141501,0.243653888536618,0.0892881794650561,17.979057984881,44.3494391716997,20.1766682930071,31.6911130284728,12.2972256738562,83.2389991371872,17.0006408519012,42.3735979292493,0.2254945572667,30.1484037963762,0.245264720753378,29.9089991371872,4.10536595974988,6.64020707506471,2.27582384099816,4.79378774805867,3.02886766297628,5.45638551789948,16.6160483175151,6.13287316652286,8.30018319196125,22.3839516824849,52,40.7897588161022,-71.5,43
"KMIA",6.05256819423968,85.5073339085419,7.13179018789744,72.2355478861087,0.474889871743901,0.184654874892148,6.8928922732057,71.0112165660052,9.44601613243734,63.9076790336497,8.51556736913425,85.8101811906816,10.4230735340117,54.4909404659189,0.100843617881523,30.0966005176877,0.10534026768378,29.9970232959448,3.37152395424803,7.45297670405522,1.80109137317303,4.72993960310613,3.04965578560809,4.01903049216003,17.6738567730802,7.74201898188093,5.12083270307703,24.160483175151,5,0.286092500403543,-80.2,25.7667
"KMKC",19.2371537521504,69.1416234887737,18.6786476591969,50.7962003454231,0.372010896514979,0.105314926660915,17.9683717836142,52.013816925734,19.8111928595091,41.5146804835924,11.0720315396865,83.5509499136442,14.8167522679785,46.0241796200345,0.215358803836871,30.1181104400345,0.216394883388362,29.91494391717,3.50869136617883,7.39948231233822,2.71825321887898,2.7411561691113,3.43056049578703,5.2407948650009,15.2683347713546,7.58067299396031,9.40510952697041,20.9352890422778,271,612.378841023603,-94.5833,39.1
"KMKE",20.4311225484271,58.5970664365833,18.4526173958184,42.993097497843,0.244727990751553,0.0898317515099223,18.6167240276391,45.6695427092321,19.7865818449191,34.595340811044,10.4028947139831,84.3425366695427,14.6156718406546,52.304572907679,0.208271561235849,30.1239171699741,0.235278761885918,29.9090077653149,3.89606264283742,6.23382226056946,2.13948396187403,4.96548748921484,3.51809925345107,5.65457697726547,19.7109577221743,9.55220017256255,8.00116756200341,25.7661777394305,179,0.00790259054264528,-87.9167,43.0333
"KMLF",21.4799845487687,69.2404844290657,17.2731106033443,39.3477508650519,0.075323365646014,0.0218841832324978,11.2413509676963,36.025129982669,11.9473175968392,23.1629116117851,20.631915311461,70.4159445407279,18.5392599324827,20.0095320623917,0.21374777922861,30.1154796888505,0.211601350456006,29.8858686257563,3.17329729850392,8.43733794295592,2.35537363463079,1.72774416594641,4.23205107424655,7.35361295632538,20.9437716262976,10.3425605536332,11.251442051874,27.227508650519,1621,770.290155289894,-112.083,38.7667
"KMPV",20.9845094976148,54.9689387402934,19.2270399035642,34.7584124245039,0.254835768780711,0.107200172562554,18.5065517040974,42.5358067299396,20.9320633328014,30.0966350301984,8.83595043538229,93.2062122519413,16.2633626216522,52.04659188956,0.222973624740996,30.1628386540121,0.244164239858597,29.9223986194996,4.10417956032209,3.96635030198447,2.52528672098195,4.69283865401208,3.03842624520909,5.18565883893937,16.2924935289042,5.76445211389129,7.88259800647585,22.7368421052632,256,176.943594984707,-72.5333,44.25
"KMSP",22.8443301992469,58.2726488352028,20.9098467408439,41.6738567730802,0.272192116224863,0.0972821397756687,19.7240262804633,43.3373597929249,21.0249710305353,32.9180327868852,10.421982265191,83.6773080241588,15.5199742918053,49.5254529767041,0.229042223764809,30.1071786022433,0.235470498252773,29.8923899913719,3.55329989104878,6.57722174288179,2.41048181893907,4.92493528904228,3.46275791116935,5.95024292496584,19.5737704918033,9.39603106125971,7.61072148408011,25.9577221742882,254,207.63672785666,-93.2333,44.9833
"KMXF",13.7102452699364,78.2675324675325,14.5815325439145,57.169696969697,0.484282829115235,0.152398268398268,13.7409557461635,62.4,16.9697814595612,51.8372294372294,7.32571351216152,95.3090909090909,15.5877215952148,47.1038961038961,0.15159693571027,30.1431688311688,0.154178832079864,30.0024329004329,4.20459633306666,5.56969696969697,2.46152138583389,2.75064935064935,2.50669573830267,4.79806700170141,12.1186147186147,4.53679653679654,8.2338954917859,15.1290043290043,74,200.270288130692,-86.3,32.35
"KNEW",11.669105321435,80.6531492666091,12.5785758379916,64.6324417601381,0.549746324058911,0.196842105263158,11.1704020336547,66.9016393442623,13.7741427473354,58.0103537532355,9.22148408502736,88.1570319240725,14.1042544801786,52.6876617773943,0.145133461951064,30.1070319240725,0.143493288450964,29.9781880931838,3.88209936896806,6.28041415012942,2.43419184767473,2.69542709232097,3.20399382846024,5.64391881129118,18.6281276962899,7.9197584124245,7.6751956507124,24.4633304572908,2,0.401639194701342,-90.0667,29.95
"KNIP",11.2179887048418,82.8843830888697,11.8589419496763,66.7981018119068,0.313317778268445,0.0994736842105263,10.7132962460896,66.0923209663503,14.1485606116068,56.4469370146678,8.58991688845239,84.3597929249353,13.6744475215726,46.0655737704918,0.13662287932761,30.12176013805,0.145670484807716,29.9959016393443,3.64361499146751,6.93787748058671,2.09725094844516,4.30888697152718,3.11432758428108,4.97459873471274,16.320966350302,8.04659188955996,8.46900967826348,19.4676445211389,10,1.57212466071052,-81.6667,30.3667
"KNYC",18.3134605014874,64.9758412424504,17.0321327901831,50.5901639344262,0.330947504850472,0.123981880931838,17.7254037898633,48.3451251078516,19.849571789969,35.9042277825712,15.1944765437283,75.9275237273512,15.0291644732741,42.7989646246764,0.203288570276761,30.1347135416667,0.21955375313681,29.9271180555556,3.78851065910213,6.53023663453111,2.75016494871083,3.27975673327541,2.40649751924396,3.89393072417266,13.835652173913,5.29192006950478,7.08409131862029,22.3446180555556,35,1.5148758476603,-73.9667,40.7833
"KOFP",17.2346386385998,70.1061259706644,17.0054035328886,49.5289042277826,0.332156972695734,0.124529767040552,17.0973688931352,53.8705780845557,19.8688834705449,42.6065573770492,10.1725255106875,90.2010353753236,16.7923113356282,46.434857635893,0.192575364303488,30.1625021570319,0.199305142878293,29.9760483175151,3.81506429725295,5.21311475409836,2.71454258408171,2.97066436583261,2.96262701962152,5.03902210955723,11.344262295082,4.18119068162209,9.18448826408782,15.3658326143227,65,4.11033198682837,-77.4833,37.55
"KOLS",12.305406842035,80.8498705780846,13.0769515783909,50.7937877480587,0.194571811401308,0.0524072476272649,15.8363687417722,44.304572907679,17.9844769575464,31.6333045729077,20.5336573872902,69.2389991371872,13.7923719710815,21.9473684210526,0.116476089104912,30.0293528904228,0.108536831641806,29.8423641069888,2.74651950306688,8.81708369283865,1.88721194317806,1.27351164797239,2.34652959891546,5.49473464442218,14.7986171132239,5.10112359550562,9.33166365909156,20.8150388936906,1175,598.37844550932,-110.933,31.35
"KOSU",19.7402803246508,63.9160899653979,17.862987919793,45.4844290657439,0.245758926145201,0.0955094991364421,17.477004148066,50.3157439446367,19.0964019776668,39.3044982698962,8.9704392862519,90.6652249134948,14.1400993900714,51.8667820069204,0.189652287328449,30.1410198789974,0.201742937388944,29.9502160760588,3.79619635398665,5.72774416594641,2.66460311447427,3.69835782195333,3.51939662301245,5.68754486298552,15.4235090751945,7.54969749351772,10.0657537123788,20.4278305963699,226,156.213099205465,-83.0167,40
"KP68",20.664253652028,66.0966350301984,15.530174351952,33.3287316652286,0.102351245536406,0.030207075064711,10.5701587359196,32.2269197584124,11.4424308614854,18.8826574633305,19.2909163157213,70.5150992234685,18.4575260399834,26.237273511648,0.206916308722638,30.1069704861111,0.213546646283403,29.8899565972222,NA,1,NA,NA,2.62605832271019,6.99951844322254,19.8343399482312,6.98619499568594,9.61790232258627,25.6315789473684,2112,389.895112414936,-117.067,39.4833
"KPHL",18.5998050116562,67.4538395168248,17.1684221253583,50.5392579810181,0.327058103286282,0.114728213977567,17.3990991318394,50.6496980155306,19.9084209931356,38.2182916307161,13.0884820521346,80.267471958585,15.4013082641471,42.6091458153581,0.201272836617362,30.1472217428818,0.212601793377033,29.9472993960311,3.66523879860727,7.01984469370147,2.19766045078206,5.11820534943917,3.69736807701252,6.55364257890378,19.5798101811907,9.14840379637619,8.22718759192914,25.8723037100949,17,1.20552513456441,-75.1667,39.95
"KPHX",15.5634556343162,89.1924072476273,14.8784105086932,66.2329594477998,0.134255655371915,0.0222389991371872,13.004232217579,48.3330457290768,14.7444284716683,34.7049180327869,20.5963361538282,50.6704055220017,11.672867541984,18.7066436583261,0.137694500038458,29.9492924935289,0.144568608988435,29.7899396031061,2.02356100266946,9.33390854184642,2.19452958490138,2.96893874029336,2.24492591587293,6.67444773057658,17.6286701208981,6.53925798101812,8.3117524753599,22.7644521138913,336,479.395404907555,-112.067,33.4833
"KPIR",23.8091326025722,62.3425366695427,20.1182885161838,37.6566005176877,0.180097331120279,0.0475798101811907,18.1018475113336,43.0120793787748,19.1466531279012,31.3770491803279,10.3074052208288,87.6876617773943,18.5579727946771,44.0483175150992,0.237627531756678,30.0968507333909,0.237519724013426,29.8475754961173,3.73633155866385,7.31924072476273,2.65072843571109,2.57894736842105,4.49755755715657,8.03054193543038,23.5642795513374,11.3149266609146,9.9875814947867,29.2320966350302,448,692.205113294926,-100.35,44.3667
"KPVD",18.522436955182,63.0224331320104,17.3575062137608,44.6609145815358,0.318826342391795,0.118101811906816,17.6058377183052,48.3632441760138,20.5076505884071,35.6056945642796,12.1525450257549,87.0362381363244,17.3163925547731,46.7471958584987,0.213889802401223,30.1298274374461,0.236095635633692,29.9111561691113,3.95099843373657,6.59706643658326,2.29888478854793,4.58239861949957,3.30368877156428,5.42715042277063,19.5073339085418,8.83865401207938,7.83996179494917,25.5332182916307,48,1.25779393904057,-71.4,41.8333
"KPVU",21.0923941955039,65.3868739205527,15.9044783370242,41.5552677029361,0.0687579006533848,0.0182916307161346,12.1461418412055,42.0984455958549,11.6855396674437,28.8936905790838,14.9703554240266,76.6511226252159,18.0037091101171,34.2901554404145,0.174743426770331,30.1681276962899,0.205019002426064,29.9638999137187,3.32366265683237,7.53753235547886,2.13605756461582,2.37392055267703,3.28861271686188,6.69603196068285,15.1310763888889,5.66091458153581,10.5233132226577,18.3001730103806,1394,859.976698391259,-111.6608,40.2444
"KPWM",18.8499285277699,58.46505608283,17.7774323078142,39.6462467644521,0.400898484535297,0.127549611734254,17.8979654170481,44.5987920621225,20.6450970488887,32.4495254529767,12.0324773121157,88.3563416738568,17.6493145315313,49.3080241587575,0.229837595275206,30.1158584987058,0.253681833589326,29.8814150129422,4.25055670919043,6.18377911993097,2.46780718219846,4.297670405522,3.12734094830356,5.67010749374938,17.7592752372735,7.48662640207075,8.11477917695548,23.9335634167386,45,0.667097750109249,-70.25,43.6667
"KRDU",16.0162881506363,73.4176013805004,16.1153157748235,52.8041415012942,0.43479194484695,0.152916307161346,16.4306906306519,56.3779119930975,19.7198899372989,45.3917169974116,11.8773130743069,89.2062122519413,17.1275424422566,46.4012079378775,0.180531544650998,30.1528300258844,0.186353528879733,29.9815530629853,3.87127000602956,6.40207075064711,2.2519296767696,4.75150992234685,2.88818090095752,5.21940124654272,15.7549611734254,5.79982743744607,7.10556719727129,21.7868852459016,94,143.880003471405,-78.65,35.7667
"KRNO",18.7400712865047,71.53494391717,13.920375047016,43.9810181190682,0.108429880407391,0.0270923209663503,8.83860011001009,36.6307161345988,9.30071174162417,24.0146678170837,18.3441538547182,65.6798964624676,14.9759510631152,23.2113891285591,0.172750013656096,30.087471958585,0.186594074121821,29.8999050905953,2.33422524698018,9.09059534081104,2.25788732432583,3.58412424503883,3.76533647936688,8.31447833479696,20.0966350301984,6.29249352890423,11.0455331665324,26.7446074201898,1392,172.177929324,-119.817,39.5
"KROA",16.9739178392927,69.3192407247627,15.9796825002442,49.5936151855047,0.336606344576398,0.132277825711821,17.2576272963324,51.4443485763589,19.9337774102513,40.8550474547023,15.0399236630069,85.1742881794651,17.3578219747294,44.7480586712683,0.179752036697102,30.1713459879206,0.186647320898425,29.9930802415876,3.73055276557254,7.25452976704055,2.47826358336904,4.16566005176877,3.48273324509778,6.805138881316,18.083692838654,6.41760138050043,9.47116080112999,23.6091458153581,304,222.743265147133,-79.95,37.2833
"KSAC",14.9822572884551,76.9025021570319,9.07024537002205,51.3011216566005,0.218663686425392,0.0544823123382226,6.32270026535483,52.565142364107,8.03175283318475,43.04659188956,10.8532661167104,87.2821397756687,19.3495081476709,39.0819672131148,0.152901920489466,30.0431665228645,0.15659987392884,29.9142018981881,3.88622289195766,7.1993097497843,2.32479357140929,1.38567730802416,2.990174319246,4.85606335728526,14.2245250431779,5.04314063848145,6.93941576561922,19.4628670120898,9,0.526278804138382,-121.5,38.5833
"KSAF",17.6278775429023,68.4805867126833,14.6506589959589,40.595340811044,0.113102025765442,0.0283951682484901,13.9361807986615,37.5737704918033,14.1093421458567,24.3175150992235,17.5658515711404,75.695427092321,14.8033441926547,25.3537532355479,0.183763544320904,30.1351509922347,0.178624860139318,29.865625539258,3.18533854174333,8.30025884383089,2.20583199108735,1.85159620362381,2.73270185401076,5.4186890130847,19.3382226056946,8.54357204486626,9.08324575593169,26.3805004314064,2120,1081.36380818265,-105.95,35.6833
"KSAN",7.1230422147751,73.6809583858764,7.39714631289194,61.547288776797,0.125942299611132,0.020750315258512,7.53746000137445,58.1273644388398,12.7425296689419,49.1084489281211,11.8132720493695,78.281210592686,16.1187396591363,49.4148802017654,0.10743599205673,30.032446406053,0.101864624800899,29.9366330390921,3.08276847570053,7.63051702395965,2.12004322728734,4.29129886506936,2.17890952236735,3.38094507661947,13.9306431273644,5.48802017654477,4.37852903983338,17.8486759142497,40,1.98555151910001,-117.15,32.72
"KSDF",18.4145158449318,70.260569456428,17.4437931329684,51.6962899050906,0.377058536615945,0.139555651423641,17.2306450044277,52.6885245901639,19.2063040054182,42.090595340811,10.9578320928077,83.0526315789474,14.4316955004077,44.8723037100949,0.185722602282361,30.1412597066437,0.190408557207696,29.9649870578085,3.34436125528258,5.96980155306299,2.33852412779362,5.09404659188956,3.30712342283319,6.53141620024676,18.5599654874892,7.9076790336497,8.62561667792192,24.153580672994,139,389.808226975153,-85.7667,38.25
"KSFO",8.00516170668323,67.9551337359793,6.10871634209939,53.2450388265746,0.224504490765104,0.0550215703192407,5.54948560280241,54.053494391717,7.33141082009619,46.6755823986195,7.740317670482,88.2355478861087,12.964874972774,54.4598792062122,0.133755502845936,30.0695254529767,0.138393606365506,29.9581967213115,2.81719487910865,8.22260569456428,2.23844119977042,3.72648835202761,4.48672076613842,6.74875963752407,22.9965487489215,10.3132010353753,8.35033268910603,27.8792062122519,38,2.49823465230576,-122.433,37.7833
"KSGF",17.7613933337299,69.9482312338223,17.6159336496368,49.183779119931,0.4287219047887,0.137234685073339,17.0662576301625,52.9861949956859,19.2091367648392,42.6108714408973,9.89055434570298,87.2993960310613,15.5238046474282,47.4486626402071,0.187946853059506,30.124089732528,0.192912577472081,29.9382312338223,3.78792039394783,6.74288179465056,2.74034843910123,2.95858498705781,3.75903760391158,6.34301283534308,19.9672131147541,9.56427955133736,8.2815342671263,25.3149266609146,390,652.809797865291,-93.2833,37.2167
"KSGU",19.0481244605342,78.4361567635904,16.4584303889476,54.0328697850822,0.0914519675533393,0.0160303413400759,12.5145228569727,39.7737041719343,12.5302813296125,28.8546144121365,21.0848387898773,53.8318584070796,13.2736731280419,22.2553729456384,0.167541322952583,30.0850063211125,0.176102303550384,29.9042225031606,2.04133618039722,9.16687737041719,1.86181226837804,0.982074263764405,3.08288058978622,7.50341694315229,17,5.85461441213654,10.8962979565728,21.3426042983565,801,546.46889900399,-113.5781,37.0953
"KSKF",13.7045418906045,81.3666954270923,13.7511829705444,60.9171699741156,0.399901395654411,0.0988869715271786,12.5929268646742,64.1354616048317,14.7862305751239,53.4331320103538,8.91592555980658,91.8852459016394,16.2377556507492,45.4961173425367,0.164936491201719,30.0798878343399,0.162055336918435,29.9128300258844,3.64639460832539,7.00258843830889,2.44152610893978,3.77998274374461,3.09311633943577,5.27029151718437,16.1509922346851,7.39516824849008,8.41244120546976,20.2355478861087,206,166.302280122523,-98.55,29.3833
"KSLC",21.1765032280889,68.1846419327006,17.3772578601573,47.3701466781708,0.122253249175715,0.0340379637618637,10.8702722267331,40.9801553062985,10.3408491464103,28.4685073339085,20.3866558530432,69.4037963761864,18.4609614192562,31.2666091458154,0.210557135861889,30.0861173425367,0.230343602123499,29.8732355478861,3.1669248686063,8.02847282139776,2.23347440309176,4.04572907679034,3.65227983674841,6.83271205554463,18.46505608283,8.10698878343399,8.96286474275983,23.4564279551337,1302,851.522444232713,-111.9,40.7667
"KSMN",23.1842816339923,58.0599033816425,16.6286628636872,32.5816425120773,0.622487900503207,0.0639617224880383,14.1503195699409,37.2772946859903,15.3357690340323,23.9574879227053,10.5635726608885,88.4405797101449,19.2806911411084,37.2144927536232,0.188251008006751,30.1377063339731,0.204036130681445,29.9262571976967,3.45090586384486,6.89655172413793,2.744270478917,3.17953667953668,2.27485364670964,6.89305380312245,12.831094049904,2.81190019193858,10.9915365537918,16.4289827255278,1219,628.410078994276,-113.9,45.1833
"KSPI",20.1482853401904,66.7152717860224,18.6037603728142,46.6315789473684,0.351659050294074,0.116389128559103,18.0350308235649,51.7877480586713,19.8068495886607,40.8515962036238,8.88665711138186,88.8015530629853,15.0548267004403,51.4443485763589,0.203002491998252,30.1374892148404,0.211214642067392,29.9426660914582,3.90737955868436,6.244176013805,2.70402745996969,3.08800690250216,4.01192432248972,6.6414140519331,19.2148403796376,8.78947368421053,8.72259548392387,24.9404659188956,185,229.707749077969,-89.6333,39.8
"KSVN",12.1714967867857,78.5685936151855,13.701616198495,59.718723037101,0.571126234091223,0.151199309749784,13.1906327938289,66.4909404659189,16.2881529391962,56.3692838654012,6.44746085549181,96.939603106126,16.463122946131,56.9214840379638,0.153412276545101,30.1229508196721,0.163611569313695,29.9863675582399,4.02983570829851,6.2916307161346,2.14931355191627,2.25021570319241,2.79565056176705,5.00158306297966,13.7808455565142,5.53235547886109,8.49113300463208,17.6919758412424,10,0.0581379235517716,-81.0833,32.0833
"KSYR",20.8498818728129,59.7704918032787,18.7789408414592,40.8723037100949,0.276153646403096,0.11804572907679,17.5832569465631,46.8050043140639,19.5505117662737,35.0448662640207,8.83381651017137,92.2096635030198,15.2697132114818,51.351164797239,0.211684390500555,30.1107161345988,0.229548144126379,29.8911216566005,3.8984623667327,6.04831751509922,1.99219374510768,5.92752372735116,3.8040388150522,6.59524854277165,19.1001727115717,8.26747195858499,8.8537387501043,24.8022452504318,177,52.8228005177664,-76.1333,43.0333
"KTAD",18.6450123278289,68.9512411347518,16.373535580602,39.5372340425532,0.145193726586485,0.0405895390070922,14.2343068427532,37.6640070921986,15.4792152930053,24.2145390070922,17.0461136516054,73.8492907801418,17.2108883857312,26.3262411347518,0.206804623649238,30.1215159574468,0.205157641883617,29.8297783687943,3.73185213636059,7.54480922803904,2.36540078809454,1.8040780141844,3.10011492611844,7.37896408434014,23.6391843971631,9.76418439716312,9.84394839602796,29.7916666666667,1866,1168.17477444927,-104.5,37.1667
"KTIK",17.342807012323,73.2950819672131,16.5209176724312,52.9439171699741,0.350900384988335,0.103011216566005,16.3158418893916,55.0560828300259,18.4455977952924,44.7308024158758,11.2448358588635,86.0112165660052,16.4837616623758,44.8481449525453,0.201686068367774,30.1168334771355,0.196509939963354,29.9233735979292,3.60354269369471,7.37359792924935,2.64182237017208,2.39085418464193,4.1930565902566,6.52746540822796,18.3986194995686,10.4572907679034,9.70603990672115,23.1811906816221,373,658.782167037336,-97.4667,35.4333
"KTPA",8.2614170369238,83.8205349439172,9.92366226210613,68.0733390854185,0.468036197074866,0.161337359792925,9.00736765057148,68.2338222605695,12.4311362414418,59.7566867989646,7.63494526610898,86.8705780845556,13.0158228188185,51.4219154443486,0.120320546173543,30.1179033649698,0.121239526931676,30.0041156169111,3.5300255366319,7.24762726488352,2.09711452062018,4.20189818809318,2.26459866302403,4.30305137439378,16.0319240724763,6.55133735979292,5.81466561111997,22.6747195858499,5,0.559580431253089,-82.45,27.95
"KTYS",16.7801611358843,71.9249352890423,15.9500262508097,51.8533218291631,0.33410214554895,0.134430543572045,15.5533223837952,54.8006902502157,17.9194064924573,44.6609145815358,10.0755468604702,89.2381363244176,15.5475324127581,46.2484900776532,0.163701156321355,30.143977566868,0.171141851808166,29.9823899913719,3.82902567683172,6.20362381363244,2.31697504668301,4.95427092320966,3.17718258439857,6.89096390892012,16.7842968075928,6.11216566005177,9.12086407913977,21.4193270060397,277,317.269614239709,-83.9333,35.95
"KVGT",18.1335315981737,82.4805867126833,15.6503016617452,60.5220017256255,0.0694068986210784,0.00919758412424504,12.5412672435395,38.5694564279551,13.9540879372375,24.7763385146805,19.900104626285,43.0629853321829,11.6873004706524,16.588438308887,0.186696243548441,30.040198446937,0.190214154285298,29.8699050905953,1.42537001630002,9.64106988783434,1.46643714105205,0.629853321829163,3.82767440249147,7.79109146132649,18.4176013805004,7.53925798101812,10.7200545315722,23.5875754961173,663,371.231345026894,-115.2,36.1667
"KVUO",15.6088985043128,65.7299396031061,10.4643029849092,46.7799827437446,0.24976764816068,0.10760569456428,8.9460814112047,49.090595340811,9.89832087838299,40.8904227782571,9.63697253930731,89.2200172562554,18.7114000052145,50.0094909404659,0.176104420999839,30.1195685936152,0.207255590898658,29.9414236410699,3.7479295593584,6.77095937770095,2.972716205767,4.04831751509922,2.36711360740201,4.09215135358514,13.3615185504745,4.79551337359793,6.24864518495352,18.9266609145815,36,4.50038969221772,-122.683,45.5167
"PAMR",18.036117746811,47.4529767040552,17.651718923739,33.9758412424504,0.120554298952829,0.0386885245901639,15.3200965768929,34.8817946505608,16.8979048388454,26.5539257981018,9.64875218733804,84.9948231233822,16.5316951998051,54.7420189818809,0.322971185074029,29.8702502157032,0.363344218438384,29.6753580672994,3.51104538297936,7.71699741156169,2.56283141017257,4.71958584987058,1.95442331209547,3.55762901416376,9.1846419327006,3.42536669542709,6.62570909499525,10.7748058671268,27,0.427943950292892,-149.9,61.2167
"PHNL",3.70851761787497,84.8239861949957,4.35011546937943,72.2046632124352,0.248529969613296,0.0391716997411562,3.96137945757733,68.3692838654012,4.45906871096655,62.9887834339948,8.32447542147206,81.3097497842968,9.19095397848718,50.7144089732528,0.0711000683489176,30.0466695427092,0.0736809019918944,29.9539257981018,2.41252227587914,8.71958584987058,1.21963644488032,3.72217428817947,3.46130713240993,4.52147054381825,19.6376186367558,9.42709232096635,6.00642915501741,25.7282139775669,24,2.26204595397853,-157.8167,21.3
