"AirPtCd","mxTemp","mxTemp_sd","mnTemp","mnTemp_sd","mxT_mean_diff","mxT_sd_diff","mnT_mean_diff","mnT_sd_diff","mxT_mean_abs","mxT_sd_abs","mnT_mean_abs","mnT_sd_abs","Precip_PredAM","Precip_PredPM","Precip_In","Max_DewPoint","Mean_DewPoint","Min_DewPoint","Max_Humidity","Mean_Humidity","Min_Humidity","Max_Sea_Level_Press","Mean_Sea_Level_Press","Min_Sea_Level_Press","Mean_Vis","Min_Vis","CloudCover","Max_Wind_Speed","Mean_Wind_Speed","Max_Gust","city","state","longitude","latitude","elevation","name.arpt","state.arpt","lon.arpt","lat.arpt","elev.arpt","WMO","census2010","est2010","est2016","dist2Coast","coastRegion","coast.arpt","coastRegion.arpt"
"KAAO",71.2420135527589,18.8203065497965,51.4745533703648,17.554492323054,0.139020979020979,5.11049831763327,2.08232077764277,5.14616056652062,3.74461538461538,3.48028975783287,4.11360874848117,3.72764531715835,9.70153378471742,9.79901004949753,0.083639629680807,52.6299902629017,47.5985533453888,42.1520378355821,88.148560300459,67.8455974405341,44.9575740714981,30.112787066464,30.0100207268205,29.9042973607849,9.47654183488793,7.49074202979257,2.33064963908939,18.6220155469184,10.3028872848418,29.7804543674109,"Wichita","Kansas",-97.2833,37.7167,429,"Wichita Jabara","KS",-97.22,37.75,433,99999,382368,382417,389902,893.230688390561,"L",886.544559708616,"L"
"KACY",63.210860853945,16.1959917067622,51.837000160591,16.3491142269037,-3.59645232815965,5.51579184634926,4.56825499034128,6.92511244671371,5.04462305986696,4.23184035816681,6.33258209916291,5.35923907551664,15.2065773110405,15.8551469407419,0.140647778847476,52.2698851846728,46.4152718218287,39.8124221884078,88.1692668783653,68.3501311611211,47.8543421234295,30.1337986206897,30.0338937931034,29.9373337931034,8.80135565085074,6.1928344169318,3.13528842163508,19.4425801127768,8.71668271214413,25.6298755186722,"Atlantic City","New Jersey",-74.4167,39.3667,4,"Atlantic City","NJ",-74.57,39.45,20,72407,39558,39558,38735,0.530993377514091,"M",5.56149350683829,"M"
"KAGC",62.6248963802155,19.3650151784247,46.9460933739772,17.0345675105583,-0.662740751004573,5.1235445040976,0.825345770344162,5.89916237250822,3.67507274490786,3.63069732698994,4.38694113862978,4.02902888656463,21.5266648245372,20.8085993903417,0.125257150715072,47.1133113311331,41.8527227722772,35.796204620462,82.8653740374037,65.651402640264,45.4126787678768,30.1444073157316,30.0435849834983,29.9457838283828,8.45640814081408,4.86179867986799,4.11936193619362,14.3094059405941,7.495599559956,26.5433036683308,"Pittsburgh","Pennsylvania",-79.95,40.45,276,"Pittsburgh Allegheny Co.","PA",-79.93,40.35,382,99999,305704,305687,303625,171.392733413943,"L",182.263940475727,"L"
"KALB",60.5548949115044,20.4776397737614,43.5273719698186,17.8916607910977,-0.927471917903203,4.54197663003405,1.55117476665594,6.43387074856994,3.37844959090279,3.17401488133101,4.88976504666881,4.45954848380156,18.8122234513274,17.3141756301172,0.108468896229012,45.0982658959538,39.4664189375172,33.4500412881916,83.742774566474,64.7671345995045,45.2146985962015,30.1289086154693,30.0180401871731,29.9096091384531,9.13515001376273,6.78709055876686,5.24704101293697,18.8609964216901,7.60817506193229,25.1838459407038,"Albany","New York",-73.75,42.6667,26,"Albany","NY",-73.8,42.75,89,72518,97856,97840,98111,1.25016201835889,"M",8.6164031058984,"M"
"KAMA",73.8916378714582,16.8662428268962,48.9215303825956,15.6238322991766,-0.899362350984197,5.69789044351355,1.53368421052632,4.54586682705634,4.16412531189354,3.99156318818221,3.53699248120301,3.24118016885735,8.89702833448514,8.77569392348087,0.0736841381207869,48.4333470903838,42.7430182968771,36.3232906864768,83.1617829137433,58.3985417526482,33.037831888843,30.1128504608612,29.9803136607511,29.8600976750585,9.36167285733939,7.41422479020498,1.94648507360022,24.7238959966983,12.5938918695832,31.3274982770503,"Amarillo","Texas",-101.833,35.1833,1115,"Amarillo","TX",-101.7,35.23,1099,72363,190695,190666,199582,848.612407082042,"G",846.296339244739,"G"
"KANJ",51.1631666206134,20.6940319855871,37.7321256813081,18.8496382872021,-2.1641956491617,4.41955736156204,1.55680539932508,5.92522338362252,3.82444228903977,3.09652925075892,4.52900530290856,4.12518108936588,13.7482730035922,12.8695094581597,0.10477103960396,41.2428492085532,35.9806998056096,29.7470147181339,89.7043876700916,72.5542904748681,54.8104693140794,30.0947806164954,29.9748500416551,29.8631394057206,8.22327131352402,4.84532074423771,4.62135517911691,16.3051930019439,7.05873368508748,22.9518481801445,"Sault Ste Marie","Michigan",-84.35,46.5,186,"Sault Ste Marie","MI",-84.37,46.47,221,72734,14144,14144,13704,0.230149703271266,"L",2.69244063921978,"L"
"KART",56.3276695676198,21.0474101592293,41.5220246676277,19.1311922963843,-1.89803269603768,4.92834834807489,3.60982658959538,8.6135364896187,3.87087835965641,3.59247397835916,6.87604367373153,6.31968212499106,26.100290095317,25.6126862085536,0.0931458820294239,45.6154269214904,39.6797745084559,32.4454832943765,90.0882716898116,71.138319813007,51.6389385398048,30.1090980338237,29.9933397497594,29.8808868417434,8.19735755573906,4.66418937517203,4.18410559604015,18.1696686374261,7.92534029973876,24.9554236820315,"Watertown","New York",-75.9167,43.9667,149,"Watertown","NY",-76.02,44,99,99999,27023,26816,25900,8.70822929534812,"L",0.0214092026931881,"L"
"KATL",74.1521107266436,14.5666539499196,56.6531560397309,14.2753839155348,-1.53678511937812,4.0291050646877,-0.149831379476473,4.54345487744837,3.20807884508606,2.88141029887383,3.3141159466838,3.11131911749103,21.2199502625035,18.4811139564661,0.143752750275028,57.2703520352035,52.5606435643564,47.2523377337734,84.6706545654565,65.0479922992299,44.8810506050605,30.144601210121,30.0714755225523,29.9999271177118,9.22483498349835,6.99147414741474,4.52090209020902,18.0962596259626,7.75412541254125,23.7201879231726,"Atlanta","Georgia",-84.3833,33.75,309,"Atlanta","GA",-84.42,33.65,315,72219,420003,420425,472522,218.315532137801,"S",221.00895330442,"S"
"KAVP",60.4338214976513,19.9739079507522,44.1715615471032,16.9807160984003,-2.54025218234724,4.73670032040333,0.473777348777349,6.13248378018372,4.0893723153665,3.48781047415556,4.65524453024453,4.0195857791083,19.6131528046422,17.7868720911571,0.0949587458745875,46.7737898789879,41.3501100110011,35.270902090209,84.9913366336634,65.4328932893289,45.3000550055006,30.1255418041804,30.0189205170517,29.9186056105611,8.81174367436744,5.78465346534653,4.30885588558856,16.8601485148515,6.44031903190319,23.4171286031042,"Scranton","Pennsylvania",-75.65,41.4,269,"Avoca","PA",-75.73,41.33,289,72513,76089,76089,77291,135.623851861308,"M",142.413764754639,"M"
"KBAD",78.8647489973724,14.5495182721936,60.0237166016211,14.0180157999791,0.600922560805144,4.9172039531685,2.5106931594115,4.75174814746709,3.28920883421862,3.70400403238739,3.87456393144244,3.72412725920236,16.0240630618172,15.4338036625638,0.160657511444028,62.5708142599528,57.8112082119573,52.4814814814815,94.9692051602164,75.1119434040782,48.9189901511999,30.1235205992509,30.0460646414204,29.9708073241781,9.39908447773616,6.63115550006936,2.68109307809682,13.9354972950479,6.17131363573311,25.8963523131673,"Shreveport","Louisiana",-93.7,32.4667,46,"Barksdale AFB","LA",-93.67,32.5,51,99999,199311,200410,194920,229.371466675819,"G",231.962696583065,"G"
"KBFI",63.1367663344408,12.7025354179706,49.2724676886084,8.31588347344212,-1.71261974177426,3.79408041802992,-0.927097454435909,3.68732581600645,3.19144800777454,2.67240813340743,2.87889742431089,2.48328650995028,12.5982834994463,12.4812143071836,0.101873794433728,49.5363736566547,46.0936897216864,42.031275833563,86.3597409754753,70.0224579774042,50.9951777349132,30.1083659410306,30.0225902452466,29.9300909341416,9.4986222099752,7.40383025626894,4.62854780931386,11.1437034995867,4.67497933314963,22.295168762409,"Seattle","Washington",-122.333,47.6167,41,"Seattle Boeing","WA",-122.3,47.53,5,99999,608660,608659,704352,1.16717030172924,"P",0.742651695849024,"P"
"KBFM",78.9132900013829,11.8143935049943,62.1952867006905,12.9811275713025,-0.308599167822469,3.63668304456082,0.385737926884309,4.64076599185875,2.59570041608877,2.56556328226757,3.38799458402287,3.19457206779396,17.9975107177431,18.5514860402282,0.175717825189264,66.445285615967,61.8565726083964,56.5589814177564,94.2887818306951,77.7211286992429,55.6075705437027,30.1360330350998,30.0714122505162,30.0123124569855,9.20688231245698,6.45588437715072,2.64280798348245,14.0589125946318,6.39958706125258,24.3363636363636,"Mobile","Alabama",-88.05,30.7,4,"Mobile Downtown","AL",-88.07,30.63,8,99999,195111,194670,192904,1.03233501241086,"G",1.04028849217578,"G"
"KBGR",56.5598119208961,20.3584472303244,39.4292354543997,18.4838365455418,-0.781414701803051,4.85956918038568,2.83033419023136,6.78776338613077,3.68432732316227,3.26342695193178,5.28341902313625,5.1153502741568,18.5022818420689,17.8954960730886,0.103831383344804,43.1018582243634,37.2527185134205,30.6156916724019,90.7253957329663,70.0414315209911,48.850240880936,30.0984666207846,29.974714384033,29.8558554714384,8.51988988300069,5.75278733654508,4.96242257398486,18.3351686166552,6.91796283551273,24.259972299169,"Bangor","Maine",-68.7833,44.8,46,"Bangor","ME",-68.83,44.8,59,99999,33039,33037,31985,0.778842958159734,"N",4.1281003118714,"N"
"KBHB",51.9419655876349,15.9326042572075,40.4348270574203,15.1881312938748,-3.16096549681623,5.30411110039264,2.52863817269424,6.59913892426754,4.83962683251888,3.83423010222902,5.14085481917287,4.84879262532059,16.6793002915452,17.5967274586671,0.0988301886792453,45.6065862981476,39.3072625698324,32.5351367244928,94.97383122611,78.2142017053808,56.0749779476625,30.1055205001454,29.982397499273,29.860139575458,8.81959361393324,5.35515239477504,3.79941944847605,14.9593613933237,6.26574746008708,24.1529084687767,"Eastport","Maine",-66.99,44.91,35,"Bar Harbor","ME",-68.37,44.45,26,99999,1331,1331,1255,0.436334326441694,"N",1.26626764409942,"N"
"KBHM",76.0878817189443,14.7205501752093,57.4322580645161,14.4941188580061,-0.739052106430155,4.26498637949088,1.28571428571429,4.73939821617873,3.12098115299335,2.99908471723549,3.53684210526316,3.40647498787465,18.1345861544839,18.7846961740435,0.15499724934672,58.9632787787099,54.1620134782011,48.4376289368725,89.7785724109476,67.6109200935222,44.8943749140421,30.1570072892312,30.0834231880072,30.0109063402558,9.42525099711181,7.09324714619722,3.99903727135195,17.3082107000413,5.96836748727823,22.8640776699029,"Birmingham","Alabama",-86.8333,33.5,172,"Birmingham","AL",-86.75,33.57,192,72228,212237,212204,212157,308.411807455544,"G",318.331732105551,"G"
"KBIS",57.7513551077137,24.3321989168002,37.6083546976323,20.380978833526,-2.07945358238082,6.03778602589813,2.79776299879081,6.1302738954812,4.8037357122944,4.20719577501057,5.11970979443773,4.38104192183867,9.97081306462821,10.1839843160911,0.0548353852538387,41.6343892654586,35.792779084244,29.227832341956,89.4044819477106,67.4490247613778,44.9186609489556,30.1206861253285,29.9970742841334,29.8684479181076,9.21275418453451,6.85641167519712,3.1156453174713,21.2069442523171,9.34790427445013,27.3030893403841,"Bismarck","North Dakota",-100.783,46.8,499,"Bismarck","ND",-100.75,46.77,506,72764,61272,61325,72417,659.649239504502,"L",657.292105775189,"L"
"KBJC",67.9983404784954,18.2655454172454,43.344195825199,15.5095252816486,1.25728155339806,6.11599785002803,0.0919626730885009,5.23140292059881,4.4506241331484,4.37899566371159,3.80960264900662,3.58619266967998,5.59242361399143,5.94984231866647,0.047260735746739,38.8175313059034,32.4484656667125,25.4784642906289,74.5668088619788,52.5537360671529,28.2336590064676,30.1663753956241,30.0716086418054,29.9797867070318,9.95404361026773,8.10695556168921,2.85097013898445,18.4514930507775,6.40580707307004,29.3274903805045,"Denver","Colorado",-105,39.75,1583,"Broomfield","CO",-105.12,39.92,1724,99999,600158,599864,693060,1297.9486655597,"L",1293.51641538765,"L"
"KBKE",62.4382955174322,20.8149964293217,37.3407418531311,12.7490736547035,-0.821065813273967,4.93672586487684,4.31838768115942,6.19238987321572,3.73354668150828,3.33229568471183,6.08318236714976,4.47060232463761,13.7451577199779,13.4389547980177,0.0234074585635359,39.7899171270718,34.1730662983425,27.857182320442,89.8013812154696,64.7330110497238,39.1911602209945,30.1396602209945,30.0422044198895,29.9426187845304,9.03549723756906,6.93591160220994,2.46906077348066,18.9943370165746,6.98480662983425,24.287626832018,"Baker","Oregon",-117.833,44.7833,1046,"Baker","OR",-117.82,44.83,1027,99999,9828,9828,9770,334.121838241707,"P",333.507621638419,"P"
"KBKL",60.2940687361419,19.8624165346225,47.1449903660886,17.6690489404722,-1.0140350877193,5.62720536954965,-1.05021940516821,5.33910972784079,4.15059649122807,3.93242702518201,4.23533235819925,3.41588594352175,23.2797561313565,23.2434168272319,0.086196386705282,49.4924105277816,43.9845425428213,38.0586269321822,82.8114468736945,69.1093162512185,53.3496727475282,30.1229954489036,30.0216411529444,29.9195159288374,9.0817818231968,6.06743897393463,4.07847193490553,19.0442697558957,11.1747345193766,30.866401238664,"Cleveland","Ohio",-81.6167,41.4667,252,"Cleveland Burke","OH",-81.68,41.52,178,99999,396815,396697,385809,5.47734254723622,"L",0.034962875480812,"L"
"KBNA",72.4045316385742,17.259472535437,53.7297945718998,16.0260973513055,-1.29416655119856,4.77632285706229,1.16411181244364,4.99121112271246,3.61230428155743,3.38198294974511,3.63630898707544,3.6114841740043,18.7054434926775,19.4002099265257,0.132555693069307,55.5503300330033,50.4906490649065,45.0199394939494,87.8476347634763,65.8220572057206,44.5695819581958,30.1471754675468,30.0667643014301,29.9852213971397,9.27076457645765,6.65772827282728,4.80651815181518,16.6573157315732,6.34419691969197,23.1556571112034,"Nashville","Tennessee",-86.7833,36.1667,153,"Nashville","TN",-86.68,36.12,180,72327,601222,603445,660388,521.55030682508,"S",510.924716787891,"S"
"KBOI",67.2771866795634,20.4478734445062,44.9384938493849,14.0935401635048,-1.02411308203991,4.8522423294312,-0.658096526838069,4.90352813755507,3.65216186252772,3.35456012537873,3.62516914749662,3.36658830193017,11.3969877020865,11.006600660066,0.0332478338605419,40.5765369275203,35.1844313024343,29.3736762481089,71.5065328015404,52.3540090771558,32.743557944054,30.0912584238757,29.9935373401183,29.8909008389492,9.24164489066153,7.49869343969193,2.22115252372438,18.3833035345895,7.20148535277128,23.7214275795028,"Boise","Idaho",-116.217,43.6,838,"Boise","ID",-116.22,43.57,874,72681,205671,208341,223154,505.698220187224,"P",507.102562454476,"P"
"KBOS",60.9216742644012,18.7822361345021,47.1063283006746,17.2301576031827,-0.643530063729565,5.09232759279239,0.848172597005313,5.18336598089949,3.86547520088667,3.3766876867679,3.91305747866688,3.50318582953816,16.0698991573422,15.7581111468037,0.106036711123333,47.6855492919016,41.5838031073835,35.0719098033824,83.6312388285439,66.1010587102984,47.9726385260553,30.1147738209817,30.000384985563,29.8906393510243,9.02763646363261,6.97827581465695,4.6907740959714,20.8645675787158,10.8972913515743,27.2348779134295,"Boston","Massachusetts",-71.0833,42.35,3,"Boston","MA",-71.03,42.37,9,72509,617594,617668,673184,0.525408065829197,"N",0.541010824919738,"N"
"KBUF",57.9777593590275,19.9236988137411,44.7534049030604,17.6491514384609,-1.42089221390967,4.72246699663572,1.61243173787343,5.77077247038712,3.56636187309504,3.40590804297057,4.40202377128172,4.06463313105097,24.3652438182069,24.2685467072585,0.105982400659975,46.2220541729685,40.5957651588065,34.4274714698199,85.6724872817269,68.3364498831294,50.434483706861,30.1194788945415,30.0109720885467,29.9010655850406,8.87130482606902,6.01099958751547,5.36463632613777,20.8582428158944,10.1351574315963,27.1997794016269,"Buffalo","New York",-78.8333,42.9167,198,"Buffalo","NY",-78.73,42.93,215,72528,261310,261433,256902,2.96645569384218,"L",7.01564810298536,"L"
"KCEF",61.9439149053737,20.1289886813662,43.3283582089552,17.6310874719097,-0.0526461623718482,4.67822876388384,3.95913770913771,7.30487247410465,3.3862565807703,3.22804490186116,6.31724581724582,5.39670635301965,16.7163972924437,16.0375541646606,0.0890471607314726,46.5431046335762,40.150556854118,33.0881341949677,92.2337412347037,73.3838856042898,45.0925340299739,30.1318314313213,30.0119043035886,29.9037178605802,8.15206929740135,5.16953114258215,3.8097071359824,15.1773683486869,5.87859205279802,26.0979355488419,"Springfield","Massachusetts",-72.5667,42.1,59,"Chicopee","MA",-72.53,42.2,75,74491,153060,153195,154074,75.6117322687279,"M",83.8009971297695,"M"
"KCHS",75.7899682188752,12.2652008083699,62.437009764687,13.5897118993475,-3.25526607538803,4.07911707405292,3.18212451861361,5.29920505103413,4.25415742793792,3.02275673028328,4.65901797175867,4.06191871270573,16.689693285438,13.8312520012808,0.172132150715072,62.726897689769,57.8129812981298,52.2948294829483,90.8498349834984,69.7915291529153,48.1144114411441,30.1336331133113,30.0627640264026,29.9917780528053,9.39012651265127,6.98556105610561,3.76746424642464,17.9306930693069,7.47387238723872,23.7958501601448,"Charleston","South Carolina",-79.9333,32.7833,7,"Charleston","SC",-80.03,32.9,15,72208,120083,120150,134385,0.804001229004098,"S",4.41574040951305,"S"
"KCLT",72.932706922758,15.7171227494838,55.0156925540432,15.2316117287952,-1.79309866962306,4.24659329140881,2.10850722311396,5.64464704956866,3.46355321507761,3.04160146969074,4.53162118780096,3.97110430350408,17.0185134014921,16.6511851377322,0.112050330033003,54.8440594059406,49.7033828382838,43.9740099009901,85.012101210121,63.3396589658966,41.0625687568757,30.1468303080308,30.0649064906491,29.9828644114411,9.42629262926293,7.37486248624862,4.61001100110011,15.9183168316832,6.33539603960396,22.2050962470572,"Charlotte","North Carolina",-80.8333,35.2333,227,"Charlotte","NC",-80.93,35.22,234,72314,731424,735612,842051,216.460172483272,"S",210.765144040138,"S"
"KCNM",80.2168975069252,15.5384153606192,53.5281912494362,14.5758450103424,0.0672969966629588,5.73424608113255,1.39492753623188,4.91324201400775,4.12041156840934,3.98822707022094,3.83001207729469,3.37858792233392,4.2099432211605,3.67012479326417,0.0305444521019986,49.493511871894,42.8111540585312,35.5186361126449,76.8634732192159,51.3862506902264,27.5889011595803,30.0671399006623,29.9357119205298,29.8166915011038,9.5012729844413,7.85035360678925,1.56222406181015,18.7501379690949,8.49889624724062,29.6522796352584,"Carlsbad","New Mexico",-104.25,32.4333,961,"Carlsbad","NM",-104.27,32.33,1004,99999,26138,26159,28914,806.356119642403,"G",802.556784537297,"G"
"KCPS",68.7915169936446,19.2666947615249,51.292097765782,17.5145709908476,-0.96005547850208,5.1550854317946,1.59154505792087,5.36792623685345,3.83079056865465,3.58046758973656,4.24296675191816,3.65274598341135,15.6866537717602,16.3277852751537,0.110584996558844,52.8389538885065,47.7298004129388,42.1651754989677,87.111355815554,68.3823812801101,46.4430832759807,30.1357081899518,30.0435609084652,29.9492897453544,9.02587749483827,6.11699931176875,2.88437715072264,14.1321403991741,6.15430144528562,25.5418127190786,"St Louis","Missouri",-90.2,38.5833,127,"Cahokia","IL",-90.15,38.57,126,99999,319294,319381,311404,370.829401029776,"L",370.095682149096,"L"
"KCQT",77.3032480995162,8.58147919273978,59.7686074429772,7.22876332176532,-0.624757416135292,3.85792351792543,0.326515265453452,2.81996213197931,2.98045467147214,2.52776743836734,2.15836967965108,1.84378801954834,2.36074637180373,2.32893157262905,0.0319933966157656,56.7236208556885,52.5601870958866,47.3319576282845,82.6599257119274,62.5468427569129,41.8373916632274,30.010731875086,29.9595597743844,29.907127527858,9.05062594579722,6.85472554684276,2.22657862154354,9.08281744394002,1.76172788554134,14.7584948048301,"Los Angeles","California",-118.25,34.05,85,"Los Angeles Downtown","CA",-118.24,34.05,78,99999,3792621,3792584,3976322,14.4138973406454,"P",15.2871368657954,"P"
"KCRW",67.8285121107266,17.958333274899,49.5016035920462,15.9187944478931,-0.763187118267629,5.40172890530706,1.75614852917537,6.31894865536396,3.93003886729595,3.78336633624765,4.86850988587044,4.3940262189299,21.2138408304498,20.8210391276459,0.134528860724618,52.1363824218212,46.9167929466869,41.4674197547872,91.5752858520457,69.3686458189833,46.6024245763879,30.1471263259402,30.0568632042981,29.96424989668,8.55916792946687,4.65683978509437,4.84625981540157,15.5648160903706,4.75726684116269,21.8967391304348,"Charleston","West Virginia",-81.6333,38.35,182,"Charleston","WV",-81.6,38.37,299,72414,51400,51340,49138,343.688190505856,"L",341.828404679488,"L"
"KCUB",77.1617809734513,15.0150559034543,57.2511210762332,14.9248329793198,-1.30619886284843,4.28599488303761,-0.225076256220902,5.15626778564932,3.24074330883373,3.09390859664915,3.82115909455771,3.4690292090256,17.0423119469027,13.9397821909033,0.146562069914671,59.2545805207329,54.1454745832759,48.3147816503651,88.1088304174129,67.1329384212702,41.9324975891996,30.1484415584416,30.0711329096435,29.9937192594639,9.15126050420168,6.36354869816779,2.64774762363962,13.1387283236994,3.71373520506469,19.1857421331106,"Columbia","South Carolina",-81.0333,34,98,"Columbia Owens","SC",-80.99,33.97,56,99999,129272,130192,134309,101.518472095842,"S",102.946543289105,"S"
"KCYS",61.2352370390907,18.5593042766015,38.3983178131571,14.6643056388886,-1.82298914556081,5.51655750513554,0.720909227758543,5.20617620309501,4.39131644865015,3.80392095529782,3.70600632244468,3.72659473688678,6.31156613171002,6.59357164313608,0.0437503442577802,36.8179564858166,30.806389424401,23.9735610024787,77.5140457174332,54.1898925915726,30.0136326080969,30.1383516937483,29.9771798402644,29.8450013770311,9.19099421646929,6.91930597631506,2.54530432387772,24.8359955935004,11.3690443404021,33.2531627776216,"Cheyenne","Wyoming",-104.867,41.15,1866,"Cheyenne","WY",-104.82,41.15,1872,72564,59466,59657,64019,1192.79540926089,"L",1189.58732327209,"L"
"KDAL",79.115671641791,15.4891146333993,61.0721680420105,14.514668901532,-0.552044352044352,4.5856934403099,-0.406766917293233,4.61397002913953,3.31794871794872,3.21295344105579,3.48195488721805,3.0542380996656,11.3805970149254,11.3143285821455,0.119261348005502,59.7852819807428,55.0418156808803,49.6801925722146,81.1042640990371,62.1942228335626,42.6229711141678,30.0951870701513,30.0095116918845,29.9215859697387,9.32585969738652,7.43603851444292,4.21224209078404,17.1378266850069,9.18294360385145,26.5665541807274,"Dallas","Texas",-96.7667,32.7667,132,"Dallas Love","TX",-96.85,32.85,148,99999,1197816,1197824,1317929,358.630563286304,"G",370.160081885658,"G"
"KDBQ",60.0463026952315,21.4943829858943,43.45499549955,19.2170568406269,0.700166343221514,4.98713803622609,2.57765749511352,5.17949455982959,3.72345439423344,3.39054743943626,4.34190347316193,3.82328661319303,14.3068417415342,14.8454845484548,0.101950749759252,46.9947317343685,41.8612227921808,36.0852627200887,91.5700817967559,74.2512130874809,56.4181339248579,30.128408429225,30.02354360183,29.9181838347428,8.56730902537086,5.7938444475253,3.47730112453145,20.4631998899436,9.91223001788417,25.9349120620413,"Dubuque","Iowa",-90.6667,42.5167,191,"Dubuque","IA",-90.7,42.4,329,72547,57637,57603,58531,227.879265264259,"L",233.40431151681,"L"
"KDET",59.8753627193588,20.3264661526259,46.0839743589744,18.0762928652414,-1.26270480422105,4.6075381035236,1.07081924995976,5.50842063827788,3.49486253818384,3.25703728746653,4.29406084017383,3.6121475055122,11.2588088987149,9.92307692307692,0.0879666850220264,47.196499931101,41.733360892931,35.5397547195811,84.9499793303018,68.1667355656607,49.3819760231501,30.1494405401681,30.0217018051536,29.8993165219788,8.96375912911672,6.33856965688301,3.67824169767121,15.0112994350282,7.60493316797575,25.8743377834287,"Detroit","Michigan",-83.05,42.3333,183,"Detroit","MI",-83.02,42.42,191,99999,713777,713862,672795,0.891821612042991,"L",7.48088137184587,"L"
"KDLH",51.3853806826033,21.4958702928189,37.4049190161968,19.692181664242,-1.35296563192905,5.48134866296604,2.49556591011574,5.3666964724505,4.15396341463415,3.82336883171532,4.39546069442357,3.96323571834124,7.41052922481691,7.40101979604079,0.0918477513409435,39.8264337780223,34.7465273002338,28.9804703617109,88.7652317425389,71.6864255260624,53.9960077092511,30.1072809792326,29.9926722596617,29.8782863430065,8.35552193645991,5.42772658506395,4.28937224669604,19.6418649429239,9.85586576811993,25.7545995296722,"Duluth","Minnesota",-92.0833,46.8167,328,"Duluth","MN",-92.18,46.83,432,72745,86265,86268,86293,1.83677936211763,"L",7.94624001363677,"L"
"KDMH",67.0332918911452,18.4084141675905,51.7200577200577,16.8930778053855,-1.0518149071765,5.12031522397734,-1.40019286403086,5.44221178821769,3.69105015239679,3.70112914025209,4.29443908711025,3.6239967952037,17.7552148086752,16.7837101170435,0.116575003437371,50.8860445912469,45.0328929259565,39.3894852738783,77.4931186347371,60.5642719515552,43.1753371868979,30.1451904303589,30.0486278014574,29.9494293963976,NA,NA,NA,NA,NA,0,"Baltimore","Maryland",-76.6333,39.3,49,"Maryland Science Center","MD",-76.61,39.28,19,99999,620961,621139,614664,2.45071663997046,"M",0.222887375323058,"M"
"KDOV",66.7059555064253,17.8249979486146,50.8032734274711,16.4835591299076,0.312638580931264,4.76835095242198,1.17033939198971,5.64778362502865,3.50415742793792,3.24870836910928,4.36898825800225,3.7651354988031,16.068813044079,16.0734916559692,0.135367899876221,56.7276853252648,50.6059689176179,44.0907715582451,95.0082519598405,79.053087608307,56.6912391693027,30.1328331728786,30.0294017329116,29.9344010452482,9.16503919680924,6.55508183193508,3.12597992023105,16.6646953651492,8.51684775134094,27.6907730673317,"Dover","Delaware",-75.5267,39.1619,11,"Dover AFB","DE",-75.47,39.13,9,99999,36047,35934,37786,0.999685066847905,"M",2.1422630435452,"M"
"KDSM",63.5198286582838,21.2863301269776,46.50900090009,19.0839577486625,-1.39246119733925,5.35330481782109,0.376484739136972,5.05785003231151,4.11585365853659,3.69519825414239,3.78469403097279,3.37602519884123,12.210860853945,13.2503374831258,0.105975794251135,48.3905927657819,43.268601292807,37.9154174116353,83.7269976619447,66.0738550405721,47.8304222252785,30.1179603905928,30.0146486040435,29.9096685462797,9.12102874432678,6.88502269288956,4.74900288818594,20.3655618209325,9.6213725759868,26.167151364077,"Des Moines","Iowa",-93.6167,41.5833,241,"Des Moines","IA",-93.65,41.53,294,72546,203433,204190,215472,460.276546635131,"L",463.17981732764,"L"
"KEED",90.110005527916,17.0226989220322,65.1975697569757,15.2880950925025,-1.02163833075734,3.79333065545893,-2.28510508681084,4.62132352428876,2.9977518617395,2.53879300674775,4.05482790130978,3.18355116387784,2.12962962962963,2.01620162016202,0.0108386163175303,42.843302443134,36.0661331086773,28.7236823612087,40.5822802583544,27.4761303004774,15.2100533557989,29.9161240632806,29.8304454621149,29.745012489592,9.96963276836158,9.63008474576271,0.675436128306134,18.7088678192973,7.84661549197488,26.5045165607226,"Needles","California",-114.6,34.8333,152,"Needles","CA",-114.62,34.77,302,99999,4844,4844,4988,313.310528948815,"P",307.736044550179,"P"
"KELP",80.4900497512438,14.4130607838364,58.6770661466927,14.0017557266372,-0.734442134442134,4.04262688730105,2.23301262778112,4.39971757316756,3.06597366597367,2.7351077860788,3.81809981960313,3.12482507780999,8.03344389165285,7.67211639418029,0.0328617606602476,43.8906464924347,37.6766162310867,30.492984869326,57.5868098581853,39.6964236588721,21.3422283356259,30.0236258596974,29.8973810178817,29.7999656121045,9.91540577716644,9.03259972489684,3.0171939477304,21.7949105914718,8.31595598349381,27.8907911086566,"El Paso","Texas",-106.483,31.7667,1137,"El Paso","TX",-106.4,31.8,1194,72270,649121,648054,683080,968.504254826029,"G",962.893445522406,"G"
"KEUG",66.6132688320663,15.1806736110262,46.4398259303722,8.19468819618908,-1.27736111111111,4.64699282098104,1.46647581738737,4.58349291523439,3.73680555555556,3.04315048950279,3.73286123248456,3.03692771109594,12.030407740152,11.8562424969988,0.090842619342413,50.1758787043418,45.6924879393522,40.8191592005513,92.260372157133,71.4115782219159,49.9906271536871,30.1212298803137,30.0399380932728,29.9520360434723,8.83794194524694,6.12546430045398,4.67488974641676,16.4255055716054,6.95308845783464,20.8413273842722,"Eugene","Oregon",-123.083,44.05,131,"Eugene","OR",-123.22,44.12,114,72693,156185,156412,166575,78.4278153192353,"P",68.798000760878,"P"
"KEYE",64.1226858248135,19.7226837731209,48.1209496310555,17.7147514353037,-0.68712761535264,4.70589475239916,1.23444283646889,6.23832692280742,3.40349175557711,3.32148969479804,4.62920083614729,4.35980162806908,19.1627521414755,18.5707410972089,0.121377200220022,50.275302530253,45.2143839383938,39.6468646864686,87.3835258525853,69.1584158415842,50.4042904290429,30.132553630363,30.0385822332233,29.9462128712871,9.06428079834824,6.21830695113558,3.42670517051705,16.667904290429,6.80569306930693,23.3306856187291,"Indianapolis","Indiana",-86.1667,39.7667,217,"Eagle Creek","IN",-86.1,39.8,250,99999,820445,820441,855164,218.742202897454,"L",217.241207826236,"L"
"KEYW",83.8532743851893,5.80756508959418,75.8040208959949,6.04672771550266,-0.273659415269503,1.99974092885671,0.520945731513805,2.84790718448587,1.48274906470833,1.3693115683021,2.17914947635671,1.90592674972163,20.2569770654877,20.4210859585246,0.099656903190319,73.6787678767877,71.1848184818482,67.973597359736,87.4645214521452,76.5959845984599,65.229097909791,30.0855885588559,30.0358237073707,29.9893646864686,9.7981298129813,8.02502750275027,2.0730198019802,17.6652915291529,9.58402090209021,23.1737686773658,"Key West","Florida",-81.8,24.55,2,"Key West","FL",-81.75,24.55,6,72201,24649,24648,26990,0.398633115590693,"GS",0.348229418023536,"GS"
"KFAR",56.0667314095449,24.7241332923664,38.7577079260039,21.5048922157286,-1.90121051899263,5.63963079422732,1.70183901115466,5.95556486291883,4.479476833171,3.91816728915115,4.67621344588484,4.06142544116787,8.0997920997921,7.81320499323207,0.0553890191750586,42.0731135329011,36.4948268726721,30.4432335494551,86.012415505587,68.0477307214788,49.4989653745344,30.1014484756518,29.9860297972134,29.867635535936,9.15050351772658,6.66009104704097,3.40115878052145,22.2921782314802,11.2012691405711,28.4555432064462,"Fargo","North Dakota",-96.8,46.8667,275,"Fargo","ND",-96.8,46.9,274,72753,105549,105554,120762,355.724679911672,"L",355.776220649308,"L"
"KFAT",80.8815316560686,15.8578011268297,56.1421068427371,11.2065488187945,-0.173575488700957,4.13926123449683,-0.179275078959242,3.45136189538191,3.00762512130875,2.8489564849279,2.61633328320048,2.25783387552832,5.52667956870335,5.23709483793517,0.0326836818932306,51.7277105118327,46.9689047881123,40.4530820033021,75.225921849202,53.6679966978536,31.5298569069895,30.0359988992845,29.9727187671987,29.9080242157402,8.9258392955421,7.14983489268024,3.12355531095212,14.4543203082003,6.08530544854155,18.5256838905775,"Fresno","California",-119.8,36.7333,86,"Fresno","CA",-119.72,36.77,100,72389,494665,496041,522053,172.942611775745,"P",180.719531242329,"P"
"KFLG",63.0518887505189,14.8963553765281,36.3499549414239,12.3771572697445,-0.90285872883708,4.06016516502357,1.14406141803402,4.74862114446962,3.11101859561477,2.76051230608026,3.75161824476893,3.12757379956183,7.98118167981182,7.93481525983779,0.0825926180966809,37.2771349862259,31.1209366391185,24.468870523416,82.1670798898072,56.9406336088154,31.1633608815427,30.1633140495868,30.0326184573003,29.9368429752066,9.4564738292011,7.58608815426997,1.97382920110193,20.4577881834458,6.52568516733232,27.0932649667406,"Flagstaff","Arizona",-111.683,35.2167,2262,"Flagstaff","AZ",-111.67,35.13,2137,99999,65870,66067,71459,567.917451147437,"P",565.442042033501,"P"
"KFSD",59.9430703330109,22.6309363327018,41.9274254011096,20.0547274393242,-0.834257206208426,5.30000551286509,2.02239254583709,5.92230957613388,3.9290465631929,3.65329898361284,4.74105801021942,4.08453515948299,11.2793589389334,11.7183985605038,0.0784584708470847,46.0270902090209,40.7557755775578,34.7332233223322,89.6166116611661,71.4661716171617,52.7567381738174,30.1176787678768,30.0052929042904,29.8913311331133,9.15222772277228,6.86138613861386,4.43371837183718,21.2553630363036,10.0083883388339,27.5828618738788,"Sioux Falls","South Dakota",-96.7333,43.55,446,"Sioux Falls","SD",-96.73,43.58,435,72651,153888,153954,174360,504.357855585059,"L",501.818676140262,"L"
"KGCK",71.7521462198837,19.1625541552355,46.6067348165965,17.57065432166,-0.0796165068778658,5.77298171818554,2.84788180310568,4.90865770832379,4.15603723773795,4.00731977187157,4.2843358962762,3.72132669774889,9.74522292993631,10.1518340348767,0.0644583792723264,47.2859114116186,41.6942182972264,35.5064164481855,86.7254036152891,61.4320408444874,35.5814819925486,30.1083062293275,29.9851212789416,29.8628404079383,9.27535832414553,7.08337927232635,1.96430540242558,24.465407938258,11.7647464167585,31.1089273356401,"Garden City","Kansas",-100.883,37.9667,866,"Garden City","KS",-100.72,37.93,881,99999,26658,26731,26747,1042.82142746049,"G",1032.02381423849,"G"
"KGEG",63.8570638650816,20.5198652506999,43.0897493621492,13.5891285435239,1.1997781782892,4.45587722911041,0.204723225030084,4.34776030406596,3.42243172050464,3.09513265721881,3.2278880866426,2.91960760249395,16.1169477467515,16.1803992195708,0.0447296367638965,40.6071821684095,35.7739405613649,30.3471381397909,79.0580627407815,60.4566593285636,41.3042102366538,30.0896230049532,29.9968051733627,29.8926018161805,8.83516785910842,6.75343973582829,4.7831590533847,18.192487616951,8.15974133186571,23.0474203865944,"Spokane","Washington",-117.433,47.6667,580,"Spokane","WA",-117.53,47.63,721,72785,208916,209437,215973,353.231648350455,"P",346.471166773008,"P"
"KGJT",69.7137921503593,19.9479151215803,44.7617761776178,16.2911971893406,0.411088011088011,4.68610947155113,1.90181927529695,4.60034140587871,3.36909216909217,3.28272497722383,3.86693730266125,3.1345093394223,4.71531232725263,4.68796879687969,0.030869325997249,38.4613480055021,32.7359009628611,26.2385144429161,72.2337001375516,50.6057771664374,28.4872077028886,30.1106712517194,29.9800426409904,29.8707097661623,9.7242090784044,8.52709766162311,2.01348005502063,19.8812929848693,7.38074277854195,24.7774402871738,"Grand Junction","Colorado",-108.55,39.0833,1414,"Grand Junction","CO",-108.53,39.12,1475,72476,58566,59100,61881,1026.46711089703,"P",1030.25419467941,"P"
"KGRR",59.5620337109699,20.6611985281217,43.959000640615,17.4687451343706,-0.945268116946099,4.52951917063557,1.53186707336651,5.77960286789004,3.45074130525149,3.08235848536789,4.57537325413389,3.84881814757961,14.1696601271069,13.2174887892377,0.108809818481848,47.0500550055006,41.7938668866887,36.0283278327833,89.4009900990099,70.9638338833883,51.9337183718372,30.1237788778878,30.0180555555556,29.9134515951595,8.46727172717272,5.48666116611661,5.33580858085809,19.8263201320132,9.32343234323432,25.4516847674742,"Grand Rapids","Michigan",-85.6667,42.9667,202,"Grand Rapids","MI",-85.52,42.88,245,72635,188040,188114,196445,2.63877774429588,"L",16.3744970329564,"L"
"KHKS",78.379767827529,14.0758945823843,59.1506602641056,13.8957479489341,-0.111988911988912,4.53281038312668,0.813656188900587,4.67827956002033,3.16590436590437,3.24570075566804,3.30816664160024,3.4062916620259,16.9651741293532,16.8157262905162,0.140466299862448,61.1909215955983,56.6855570839065,51.4988995873453,90.1764786795048,70.5883081155433,47.3203576341128,30.1197028885832,30.0473204951857,29.9755543328748,9.1232462173315,6.20618982118294,2.73851444291609,13.3088478500551,5.45011025358324,23.4330708661417,"Jackson","Mississippi",-90.2,32.3333,95,"Jackson Hawkins Field","MS",-90.22,32.33,104,99999,173514,173593,169148,197.637864805736,"G",196.094093628798,"G"
"KHLN",59.1442586707199,20.7515755425869,38.4884523095381,15.3456359332894,-3.40257760532151,6.37849288282174,1.13813317300466,6.05670805880743,5.76067073170732,4.36742300380909,4.46174658049,4.25077394715831,8.21472986043941,8.43281343731254,0.0284809517260349,36.5597579425113,31.0297070554257,25.285105212488,75.768119928483,55.1655893274653,33.9777197084308,30.1704442305047,30.0535579700179,29.925655343144,9.41287305735112,7.69522761655893,2.86177967267226,19.6911016366387,6.5571448218952,25.6424165965798,"Helena","Montana",-112.033,46.5833,1286,"Helena","MT",-112,46.6,1188,72772,28190,28220,31169,769.39490312978,"P",772.051753977611,"P"
"KHOT",74.0827672258422,15.9434646102374,56.2594822396147,15.1248139121842,-1.00320378882853,4.75954154975482,0.735640870616687,4.9904312957315,3.60440172726006,3.26592591284358,3.625,3.50756929055469,15.5905184363737,15.4048765803733,0.121100676702113,58.6385625431928,54.0892881824464,48.9257774706289,90.9188666205943,71.5828610919143,48.5600552868003,30.1268417415342,30.0459709744299,29.9654664823773,9.1310461192351,6.48481439820022,3.03635107118176,11.6631171345595,4.55676946480432,23.3341991341991,"Hot Springs","Arkansas",-93.05,34.5167,252,"Hot Springs","AR",-93.1,34.48,165,99999,35193,36292,36867,404.313331122476,"G",401.928174090401,"G"
"KHQM",59.9075456053068,9.38408089025215,47.6166191690415,6.9049749932477,-0.261954261954262,3.69466204772824,0.542994588093806,3.66723462095335,2.63395703395703,2.60393276296228,2.83794347564642,2.38502895440042,14.9889441680486,14.4412779361032,0.196357634112792,51.68242306626,48.288466869975,44.4435819240366,96.9248683116163,82.6283615192681,67.8231217077904,30.1158445667125,30.0283975240715,29.9405612104539,5.92417521485999,2.76268367064042,4.98558358746881,19.7470196839479,9.04560576656501,24.5463222908478,"Hoquiam","Washington",-123.9,46.9833,3,"Hoquiam","WA",-123.93,46.97,4,99999,8726,8726,8434,1.11986883589356,"P",0.161934251914703,"P"
"KHVN",62.3609688581315,18.6149365523646,46.6635559131134,17.0969870854051,0.203081621321488,4.28153167439283,0.76258064516129,6.26497906533549,3.22612437534703,2.82195640072768,4.78483870967742,4.11499829596024,15.7730103806228,15.6814159292035,0.0726973412315746,49.3792533406805,43.5008954401433,36.8990219038435,87.0235569637691,69.6020112963218,49.4566744730679,30.1249097671856,30.0170987739358,29.9165132938421,9.03430224548836,6.74652155944345,3.85383661661386,13.7546494007439,6.4380768700923,24.3118474807081,"New Haven","Connecticut",-72.9167,41.3167,10,"New Haven","CT",-72.88,41.27,4,99999,129779,129890,129934,1.25921818190784,"M",1.36344249028734,"M"
"KHVR",59.5091939720724,22.8580158386697,36.6170244708002,17.1545353331487,-1.63782584581253,6.47817240189984,2.47231417393921,6.36005695144185,5.01164725457571,4.41921620501623,5.12563948239543,4.50415895149985,6.24637080049772,6.17775108842516,0.036435943305353,38.9732007183313,33.1762674402542,27.0176820002763,86.940024817317,63.7154280987178,39.9884073971847,30.0983025117306,29.9808128622688,29.8542630416782,9.41039823008849,7.7039546460177,2.69646079111728,22.6108815426997,10.0837465564738,28.1756227260006,"Havre","Montana",-109.717,48.55,828,"Havre","MT",-109.77,48.55,792,72777,9310,9494,9846,922.766156486327,"P",918.853718546584,"P"
"KIDA",60.5791292328956,20.8709697958761,38.4738184546137,14.4897388938287,-1.60673690047131,5.14677557772313,3.76210526315789,5.92038280436364,4.1678680343776,3.42019414139562,5.50075187969925,4.35243324765639,10.7463718037319,10.0195048762191,0.0319191085431284,39.0561287659926,33.2689503370477,26.460310909341,87.4695281331683,63.0521392213509,38.134956665291,30.1514183519054,30.04338148301,29.9322231393589,9.23194387123401,7.21516026963819,3.09698720594305,20.307745219425,8.52772045673408,26.1098611111111,"Idaho Falls","Idaho",-112.017,43.5,1444,"Idaho Falls","ID",-112.07,43.52,1445,99999,56813,57038,60211,820.383309785529,"P",815.592149367017,"P"
"KILM",74.7006079027356,13.6629628357486,58.3686989918387,14.8565727031655,-1.25980324234446,4.24932936081848,1.9432146294514,5.92124225948643,3.22821116807538,3.03666472018358,4.51523901187039,4.29501392318261,17.5383340240365,15.6354033290653,0.189607452220542,61.985563041386,56.7094733947477,50.8721297951327,93.7126357761584,72.9315275677162,51.584903066135,30.1397332600027,30.0600192492782,29.9826412759522,9.15234428708923,6.10092121545442,2.89234153719236,17.9322150419359,7.50845593290252,23.4548096885813,"Wilmington","North Carolina",-77.95,34.2333,1,"Wilmington","NC",-77.9,34.27,10,99999,106476,106430,117525,0.032304085021002,"S",1.04958594694978,"S"
"KLBF",66.5744739756368,19.9192678103,41.4481514878269,18.3242650098224,-1.06080799666806,5.95649046722335,3.14460009037506,5.425787131909,4.56518117451062,3.97007249596767,4.81021238138274,4.02337377672451,5.37375415282392,5.61617072437631,0.0626674014880132,45.8853115932016,39.8272764957855,33.398645847727,90.3855188614067,65.2885173414398,39.6313389526047,30.1299972364239,30.0067721431532,29.8804311178665,9.42655210643015,7.30515521064302,2.46510985214868,21.1562413888123,8.57467621934417,27.5395136778115,"North Platte","Nebraska",-100.767,41.1333,854,"North Platte","NE",-100.68,41.13,849,72562,24733,24736,24110,929.593971295889,"L",924.633659118482,"L"
"KLMT",64.4748340707965,18.4295442483875,38.013811739979,10.7895701592886,-0.963040155620397,4.49043465934838,1.89520506634499,5.00797384869736,3.31540919827706,3.17775282174316,4.15304583835947,3.37960872901321,7.21653761061947,7.359255367062,0.0353248004404074,41.4033370104799,35.6387203530061,28.3880308880309,89.1566464423607,63.5715664644236,35.5926640926641,30.106467107074,30.0161065235343,29.930262868153,9.30979906413432,7.13597577759427,2.48183319570603,19.3195706028076,6.69969721992843,24.290358432898,"Klamath Falls","Oregon",-121.733,42.1667,1245,"Klamath Falls","OR",-121.73,42.15,1247,99999,20840,20991,21524,199.077081860262,"P",198.616183674553,"P"
"KLND",60.8805040155082,21.5224956626616,36.5694966190834,17.1993108038401,-1.18350071736011,5.97944897957743,1.13744958113559,5.2279344515897,4.6167862266858,3.9795617179165,3.88830282345641,3.67478519678311,6.20603710883412,6.4282494365139,0.0496213270795972,34.3004982206406,28.1938790035587,21.5866192170819,73.1543060498221,53.3002135231317,32.9659786476868,30.1226897028334,29.9857263303386,29.8602861091914,9.32364672364672,7.71709401709402,1.83601423487544,20.6522233271772,6.38542406591845,26.2971346704871,"Lander","Wyoming",-108.667,42.8333,1752,"Lander","WY",-108.73,42.82,1694,72576,7487,7597,7665,1101.38288820759,"P",1097.11130174756,"P"
"KLNK",66.1554848526767,20.5412216483069,46.1779813757885,18.874259148776,-1.30382907880133,5.73079788906579,2.23061869637212,5.70203495898312,4.40593784683685,3.88937896675974,4.59430979978925,4.04706697692204,6.27057684327016,6.54701111444878,0.103983202533388,49.188627288999,43.8518518518519,38.1316260498417,87.8705768965992,67.1371334159438,45.8851714167699,30.1281068429024,30.0172958832438,29.9043398044885,9.13823488916426,6.75863968057277,2.71609527743357,21.6440864656478,9.65689109183533,27.2903136275326,"Lincoln","Nebraska",-96.6667,40.8333,354,"Lincoln","NE",-96.75,40.85,362,72551,258379,258472,280364,722.515020603857,"L",729.178383217493,"L"
"KLUK",65.996542663532,19.1254174456708,48.9462020234463,17.0091195361326,-0.449098474341193,4.9203648412116,2.80199613650998,6.66299487951437,3.52205270457698,3.46484221693984,5.59819703799099,4.57198985765995,17.7889933628319,17.174751044009,0.114844481145059,53.4805945499587,47.7502064409579,42.080236718965,95.6157445637214,78.4139829342141,52.4905037159372,30.1559771538673,30.0648706303331,29.9712124965593,8.20809248554913,4.18056702449766,3.5177539223782,13.8710432149739,5.02917698871456,26.4668998923574,"Cincinnati","Ohio",-84.5,39.1333,253,"Cincinnati","OH",-84.42,39.1,147,99999,296943,296946,298800,284.443838641427,"L",284.991799356378,"L"
"KLWS",68.0207026348808,19.5414811786271,47.4336334256694,12.6177695317218,0.333577943180627,4.77895271724714,1.61415683553088,4.36594989360745,3.52196246986057,3.24717644113434,3.52602359472588,3.03859204350409,16.1355081555834,16.2269159741459,0.0377599833610649,43.0945340968246,38.437896928683,33.3533576262363,76.4208224882874,57.4816241540864,38.0089536699636,30.099118534707,30.002981579769,29.8992465397024,9.44260589031117,7.90467270267458,2.90508897908211,15.8753119800333,5.47348169717138,20.7019720101781,"Lewiston","Idaho",-117.033,46.4,245,"Lewiston","ID",-117.02,46.38,438,72783,31894,31896,32872,386.017595287778,"P",386.59902381816,"P"
"KMDW",59.1828105568606,19.9122908924093,47.7933103344833,18.4045171050784,-3.73905210643016,5.57125623769274,0.737672880336741,4.85361165626031,5.11128048780488,4.34655441029105,3.65258568851473,3.2800001633295,8.39574409285616,9.22153892305385,0.101317562921194,47.7799477375877,42.428551781048,36.5024068216201,81.2635125842388,63.9608031907578,40.7514784761381,30.1244161738413,30.0218346857379,29.9160294319901,9.04125979920231,6.65864392793288,5.25801127767845,19.981295557695,9.8946499793701,26.4704495005549,"Chicago","Illinois",-87.6167,41.8333,181,"Chicago Midway","IL",-87.75,41.78,190,72534,2695598,2695620,2704958,0.91484400614386,"L",3.60531659278925,"L"
"KMEM",73.9729132117192,16.7384064034593,56.9623518824059,15.7754245251996,-1.33790713790714,4.49976406980606,0.24368610944077,4.60546870863879,3.49203049203049,3.13722058541717,3.29690318701142,3.22467501834473,17.157269209508,16.9041547922604,0.144530949105915,57.8966987620358,53.249105914718,48.2016506189821,84.3823933975241,66.1426409903714,47.355295735901,30.131242090784,30.0533576341128,29.9750165061898,9.42627235213205,7.45515818431912,4.38349381017882,17.7496561210454,7.54580467675378,25.3903496503497,"Memphis","Tennessee",-90.05,35.15,80,"Memphis","TN",-90,35.05,87,72334,646889,651836,652717,480.81938785997,"G",471.743405326356,"G"
"KMHT",60.2871943638624,20.2511855732056,42.6935173299101,17.7720575857086,-1.41853699085619,4.89562104445616,0.149268135756796,5.95418316511789,3.77043502355223,3.42950161691896,4.44812610583883,3.96050158732699,16.5133305705208,15.1091142490372,0.0880386360511481,44.4189467894954,38.3035886154269,31.7064485081809,82.9307025986525,63.0086621751684,41.9617764333837,30.1413570741097,30.0212635776158,29.9034827443971,8.92327787707961,6.66437508593428,4.76488381685687,16.6936614876942,6.15990650350612,23.7907401766677,"Manchester","New Hampshire",-71.5,43,52,"Manchester","NH",-71.43,42.93,71,99999,109565,109574,110506,40.7897588161022,"N",31.5435983421284,"N"
"KMIA",82.5647367693796,5.59142962431953,73.7498405612245,6.68777090477706,-3.06735033259424,2.52459194368136,1.50823078152469,3.37822087749086,3.46590909090909,1.94147259041064,2.68195620904587,2.54822705704796,22.7179770623186,20.1195790816327,0.180852702516848,70.9239444368037,67.6832622747903,63.7235593453445,85.4302021730161,70.0568009902352,54.0081144271765,30.0973621235043,30.0462618621923,29.997776096823,9.70870581763169,7.50130656030807,4.71090634025581,17.6616696465411,7.69192683262275,24.1990894039735,"Miami","Florida",-80.2,25.7667,5,"Miami","FL",-80.28,25.82,4,72202,399457,399527,453579,0.286092500403543,"S",2.10872974459415,"S"
"KMKC",68.2162797125484,19.1137811691065,51.3066306630663,17.8872825146147,-1.49126455906822,5.17954503997577,0.0185018050541516,5.06471916430959,4.0328618968386,3.57570058692637,3.70652827918171,3.45127568404089,12.2318960751797,12.6177617761776,0.105363136176066,52.4114490161002,47.3220035778175,41.8806935461676,83.4415852483831,65.1121508187698,45.7924865831843,30.1178665749656,30.0169628610729,29.9144910591472,9.4273727647868,7.39752407152682,2.70646492434663,15.2294360385144,7.55777166437414,26.2430743595084,"Kansas City","Missouri",-94.5833,39.1,271,"Kansas City","MO",-94.6,39.12,231,99999,459787,459939,481420,612.378841023603,"L",612.61979276512,"L"
"KMKE",56.9132237114827,19.9304883259359,44.1323132313231,18.2535501473752,-2.06042128603104,5.13077295255642,0.952337994286574,4.86651735325194,4.12222838137472,3.68451263299592,3.66471207337243,3.34035043687724,16.8799226198701,18.153592320384,0.0858451382203273,45.8269839086783,40.5046073442443,34.6912391693027,84.0638151560996,68.3359922981708,52.017604180993,30.1229707055426,30.0179108788337,29.9104854903039,8.89382478338605,6.28152936322377,4.946499793701,19.64241507358,9.51616008802091,25.738506143863,"Milwaukee","Wisconsin",-87.9167,43.0333,179,"Milwaukee","WI",-87.9,42.95,211,72640,594833,594775,595047,0.00790259054264528,"L",4.57589161175939,"L"
"KMLF",67.3543514412417,19.3776593806382,39.120674089678,14.3017635043672,-3.10653112379891,5.93046409766473,-1.12737987307344,6.88245858502251,5.16111962122267,4.26396745622222,5.2570262919311,4.58245694287265,5.85781596452328,5.96749924766777,0.0227036730185032,36.4625398144301,30.3729400360061,23.5711120343443,69.8253704473065,45.3089599778424,19.377648525135,30.1125393537697,29.9852471692903,29.8829038939519,9.6155758077879,8.46257939795637,1.69179784589892,21.0516931582585,10.3738769868694,31.795963710424,"Richfield","Utah",-112.083,38.7667,1621,"Milford","UT",-113.01,38.43,1536,99999,7551,7569,7723,770.290155289894,"P",688.053298902609,"P"
"KMPV",55.6883637368712,21.1327794923128,38.3132414235332,18.5086589127149,0.458489258489258,5.0017368418495,3.36573999678612,7.21205613812897,3.69036729036729,3.40689219175615,5.84975092399164,5.39617406034519,22.1694072129335,20.0849631292081,0.109426488791088,42.6821620134782,36.767294732499,30.2120753678999,93.2225278503645,72.786411772796,51.7517535414661,30.1563361298308,30.0324687113189,29.9174185118966,7.91115389905102,3.9339843212763,4.7018291844313,16.3811030119653,5.77375876770733,23.0515392115894,"Montpelier","Vermont",-72.5333,44.25,256,"Montpelier","VT",-72.57,44.2,355,99999,7855,7849,7535,176.943594984707,"N",175.654705381574,"N"
"KMSP",57.7006087437742,23.0377714208898,42.3743990384615,20.699100027243,-1.16359095323991,4.85610491684251,0.355970486372534,4.91552871578987,3.66588039406133,3.39047825068581,3.56693269085981,3.40062225035291,14.6025162449882,15.5111845068308,0.0948816568047337,43.6625842851245,38.5995596532269,33.1348561992569,83.4658043209027,66.5380487133618,49.0161001788909,30.1078932159075,30.0008958304665,29.8939521122884,9.09907802394386,6.64042933810376,4.88234484656667,19.6402917297372,9.40360533920462,26.1618889350505,"Minneapolis","Minnesota",-93.2333,44.9833,254,"Minneapolis","MN",-93.22,44.88,255,72658,382578,382603,413651,207.63672785666,"L",217.635437447191,"L"
"KMXF",78.7956053067993,13.6005137319569,58.9046047697615,13.9762739282803,0.192430777793238,4.02356799277376,1.53017501508751,4.45697648116992,2.83442326422708,2.86200295386575,3.30567290283645,3.35817003372097,17.569098949696,18.6065696715164,0.150030378348523,62.5636564484949,57.5694559513946,51.9373101353217,95.3047500690417,75.5451532725766,46.8755868544601,30.142094725214,30.069417288042,30.0015410107705,8.89353769676885,5.58505937586302,2.74509803921569,12.1795084230875,4.50869925434963,24.1341976173791,"Montgomery","Alabama",-86.3,32.35,74,"Maxwell AFB","AL",-86.37,32.38,51,99999,205764,205514,200022,200.270288130692,"G",201.30977909911,"G"
"KNEW",79.3087341072416,11.4264348027689,66.2790697674419,11.9451586117802,-1.72030492030492,3.84607453700734,1.42962406015038,4.28475042300237,3.18558558558559,2.75731506611824,3.25759398496241,3.12885025864255,10.2694859038143,10.6646661665416,0.197496561210454,67.1314993122421,63.0136176066025,58.1767537826685,88.2148555708391,70.6174690508941,52.4381017881706,30.1067482806052,30.0412530949106,29.977969738652,9.01169188445667,6.28404401650619,2.64580467675378,18.6323246217332,7.85020632737276,24.499930948764,"New Orleans","Louisiana",-90.0667,29.95,2,"New Orleans Lakefront","LA",-90.03,30.05,3,99999,343829,343829,391495,0.401639194701342,"G",0.0814004583527348,"G"
"KNIP",80.7974578612877,10.7022399617848,64.5135221635462,11.6484126191358,-2.32548150200915,3.70702358088506,-2.42813602823227,4.34989603672849,3.43840931134821,2.70672135338679,3.93118383060635,3.05968957296362,23.2785299806576,17.558009281485,0.100613311331133,66.1113861386139,61.6738173817382,56.3869636963696,84.119499449945,67.5244774477448,45.6714796479648,30.1207783278328,30.0573762376238,29.9946397139714,9.43316831683168,6.97744774477448,4.2737898789879,16.3653740374037,8.01952695269527,27.2013509166935,"Jacksonville","Florida",-81.6667,30.3667,10,"Jacksonville NAS","FL",-81.68,30.23,7,99999,821784,821784,880619,1.57212466071052,"S",1.05914022282879,"S"
"KNYC",63.9988925802879,18.6415876505834,50.8351825052259,16.9727140968314,-1.23365264473136,4.61981056158734,0.0311089619600258,5.02652958538933,3.55463001527141,3.19806360395025,3.80029013539652,3.28974683247645,16.0825027685493,16.2019617301817,0.12279002480022,48.3954257371177,42.5086800771562,35.8564342794158,75.7011573436208,59.2944337282998,42.3742077707357,30.1296787148594,30.024524304113,29.9234801274062,8.77822468793343,6.54757281553398,3.24216800665373,13.9673175460463,5.3750173106218,22.5234036607517,"New York","New York",-73.9667,40.7833,35,"Central Park","NY",-73.98,40.77,27,99999,8175133,8174962,8537673,1.5148758476603,"M",1.1969317949834,"M"
"KOFP",70.8029904471826,17.0077142783671,52.5435131663455,16.1432144780483,0.443765620660928,4.87037536370227,2.84113954611299,6.00799270080976,3.51235767842266,3.40281380757184,5.01432480283277,4.3614044590993,15.2249134948097,14.3825277019432,0.124329797492768,53.8684391789503,48.317950130872,42.5905772144924,89.9329108692657,70.3514258162281,45.9021903843505,30.1590480782477,30.0650323736052,29.9726146852183,8.4274693483951,5.27896404463425,2.93029342884695,11.4161730265877,4.19713459154154,24.1674194519723,"Richmond","Virginia",-77.4833,37.55,65,"Richmond Hanover County","VA",-77.43,37.7,63,99999,204214,204142,223170,4.11033198682837,"M",18.5055009649002,"M"
"KOLS",82.1412187370457,11.9195854225741,52.3863227354529,13.1563775554482,0.763858093126386,3.71301795219627,0.826093491657899,4.07258611109302,2.71590909090909,2.64440500734624,3.24815872538704,2.59159593775109,10.5720602459583,11.3377324535093,0.0515224865905653,44.8953376426901,39.0804566084445,32.2967954889286,69.3512584238757,44.8557282354559,22.1023243020217,30.0293137120066,29.9233929308211,29.8416215101087,9.85449044147985,8.81474350158163,1.25828634300646,14.8052914427449,5.07275733774287,25.3034469403563,"Nogales","Arizona",-110.933,31.35,1175,"Nogales","AZ",-110.85,31.42,1198,99999,20837,20837,20008,598.37844550932,"P",604.073940714952,"P"
"KOSU",63.9656699889258,19.8219594641422,47.5082810741277,17.4218021460708,-0.114230127848805,4.99111236276811,1.83752823491449,6.14668460500962,3.57198443579767,3.48760760678975,4.81106808647951,4.24366295587707,17.906976744186,17.5799967840489,0.0956414496348353,50.4041936818872,45.1386398123879,39.4087460339357,90.587115464202,72.4677886605049,51.6758173541178,30.1392006615215,30.0431725468578,29.9490008269019,8.86204520396913,5.70727673649394,3.70562293274531,15.4323318632856,7.5566427783903,27.1038327526132,"Columbus","Ohio",-83.0167,40,226,"Ohio State University","OH",-83.07,40.08,276,99999,787033,788866,860090,156.213099205465,"L",148.792127245615,"L"
"KP68",61.9358052019923,18.183649537543,41.4313813813814,13.9978204023381,-5.30761759400583,5.64293997404414,7.10353649360421,6.48286268271771,6.57222145136673,4.10090190547447,7.95470278404816,5.40449014963886,5.80935251798561,5.77477477477477,0.0307945469567612,32.629578628477,26.2851831451391,19.2650784907739,70.0206554668136,48.0458551363261,25.5093638116221,30.1022029668654,29.9877596007209,29.8862123942881,1,1,NA,19.9250895070229,7.04034701184247,26.024649859944,"Austin","Nevada",-117.067,39.4833,2112,"Eureka","NV",-115.97,39.52,1993,99999,192,192,192,389.895112414936,"P",483.016398769873,"P"
"KPHL",66.5588560375794,18.7963729979663,50.4131342324984,16.8862374303076,-1.08327559927948,4.65147485379911,-0.291485594720747,5.40237241874333,3.46930857697104,3.2820872910142,4.13053275390311,3.49378847987994,16.5764023210832,15.9168272318561,0.116584845984598,50.7142464246425,44.7047579757976,38.2405115511551,80.1237623762376,61.5184268426843,42.334295929593,30.142403740374,30.0400041254125,29.9431834433443,9.1288503850385,7.06133113311331,5.09777227722772,19.6373762376238,9.18949394939494,25.9961347321922,"Philadelphia","Pennsylvania",-75.1667,39.95,17,"Philadelphia","PA",-75.25,39.88,9,72408,1526006,1526006,1567872,1.20552513456441,"M",1.01080744250072,"M"
"KPHX",89.0601160862355,15.1549967104599,64.9056405640564,14.9684922797021,-0.91975051975052,3.40604282779785,-2.22658246880168,3.88437278240763,2.68634788634789,2.28685826386149,3.62186137422944,2.63190320674074,4.02846876727474,3.90789078907891,0.0234690508940853,48.8855570839065,42.2847317744154,35.2634112792297,50.5777166437414,34.8708390646492,18.6640990371389,29.9457510316369,29.8651898211829,29.7867991746905,9.93012379642366,9.31540577716644,3.00068775790922,17.6830811554333,6.56313617606602,23.0069637883008,"Phoenix","Arizona",-112.067,33.4833,336,"Phoenix","AZ",-112.02,33.43,337,72278,1445632,1447624,1615017,479.395404907555,"P",482.703424970955,"P"
"KPIR",63.3367417438165,23.40640760844,41.5753712314384,19.546657989981,0.0536308203991131,5.85754005108848,3.25150330727601,5.48170142508205,4.28810975609756,3.99039074150197,4.84410703547805,4.14174030805894,9.81898576758325,10.4544772761362,0.050107963141246,43.5043322789162,37.9771695777747,31.8003025718608,87.4736624948425,65.6985284004951,43.4724247008665,30.0959166552056,29.9711786549305,29.8451505982671,9.27176454407922,7.32732774033833,2.56677210837574,23.7441892449457,11.3703754641727,29.4993109151047,"Pierre","South Dakota",-100.35,44.3667,448,"Pierre","SD",-100.28,44.38,531,99999,13646,13646,14008,692.205113294926,"L",686.527422430312,"L"
"KPVD",61.5687249620113,18.6593032893638,46.1103259996788,17.0346541503927,-1.69977833194791,4.53127049629161,1.31278171281391,5.80434584675508,3.66541978387365,3.15988848166824,4.33435286542176,4.07731094158055,15.8516369664318,15.9354424281355,0.116471882304414,48.4153719235529,42.281589440396,35.599615014437,86.8545304551079,66.8754296713873,46.3023511618314,30.1232160043998,30.0115248178193,29.90641413447,8.94898941289702,6.64787570466108,4.54654200467482,19.5668912415784,8.84930565103809,25.6626605884791,"Providence","Rhode Island",-71.4,41.8333,48,"Providence","RI",-71.43,41.73,19,72507,178042,178038,179219,1.25779393904057,"M",2.9391077783194,"M"
"KPVU",69.0508662508662,20.8670934256595,44.8410356766521,14.7636918302326,2.47420386594354,5.20333375559008,2.36024750980984,5.1652699313064,4.42525378945905,3.68939339616795,4.45140356172653,3.52613641677646,6.70824670824671,6.83727231672437,0.0185418678438405,42.7577974054651,35.7877449627381,29.4517198508081,76.2228815898427,56.8334253381176,33.6403532983715,30.1681142226514,30.0693571527107,29.9655552489999,10.197544488895,7.60615257276866,2.35542667771334,15.8141812663816,5.64905504207477,27.6486656200942,"Provo","Utah",-111.6608,40.2444,1394,"Provo","UT",-111.72,40.22,1369,99999,112488,112493,116868,859.976698391259,"P",854.569582271388,"P"
"KPWM",56.6154164939909,18.1807848955877,42.7218659826868,17.1067554916288,-2.13757273482959,4.97796711648069,2.78049172424875,6.02755581255797,4.17082294264339,3.45714224787785,4.88590711875301,4.49309256019397,16.5575355712115,15.5578711125361,0.128098446308263,44.7071359824007,38.8158944039599,32.507218479307,88.1539942252166,68.8381685686787,48.8970163618864,30.1086401759934,29.9923085384298,29.8757747834456,8.70466107520968,6.20005499793758,4.27127732710023,17.8611302076172,7.52248040698474,24.2164387384873,"Portland","Maine",-70.25,43.6667,45,"Portland","ME",-70.32,43.65,19,72606,66194,66194,66937,0.667097750109249,"N",2.94523857536511,"N"
"KRDU",72.7608455374413,16.0974003705816,54.2195043964828,15.6133814901828,-0.853401690453097,4.45762412401499,1.30929487179487,5.49415841695521,3.32478869336289,3.08918378287784,4.18974358974359,3.78728657538113,16.4566929133858,15.7882954908858,0.149468582428159,56.3873229753884,51.0134744947065,45.3317750584353,88.9848755671662,67.7639213529493,45.9335899903754,30.1498473807232,30.0645153306751,29.9784036848618,9.09239653512993,6.47806957239104,4.720885466795,15.8200192492782,5.79623264127595,21.9501174519829,"Raleigh","North Carolina",-78.65,35.7667,94,"Raleigh-Durham Airport","NC",-78.78,35.87,134,72306,403892,404054,458880,143.880003471405,"S",157.55529723804,"S"
"KRNO",70.205390463027,18.281092411364,45.300975243811,12.9171815029568,-2.40948156362628,4.66032380591975,0.451127819548872,4.29328990138949,4.02273357360688,3.36755034925481,3.34135338345865,2.73305022205052,5.286800276434,5.59789947486872,0.0275024074838355,37.0506259457972,31.291099188334,24.3326454808089,65.2304305956803,44.2147475581235,22.6256706562113,30.0835658274866,29.9853583711652,29.8957119273628,9.8102902737653,9.13137983216398,3.56568991608199,20.3122850460861,6.33801073049938,27.3739472206626,"Reno","Nevada",-119.817,39.5,1392,"Reno","NV",-119.78,39.5,1341,72488,225221,226050,245255,172.177929324,"P",174.769913451067,"P"
"KROA",68.9613045881703,16.8719604609977,50.7874759769379,15.4134175039567,-0.573804573804574,4.94032098406809,0.976400706373415,5.50260536913198,3.68482328482328,3.34009939253228,4.1814095360411,3.70744982491778,18.7603648424544,16.4077514413837,0.130990371389271,51.4931224209078,46.2742778541953,40.8729023383769,84.8876203576341,64.9195323246217,44.3895460797799,30.1681430536451,30.0793631361761,29.9898225584594,9.31196698762036,7.29367262723521,4.17138927097662,18.2152682255846,6.48005502063274,23.8968099861304,"Roanoke","Virginia",-79.95,37.2833,304,"Roanoke","VA",-79.97,37.32,358,72411,97032,96919,99660,222.743265147133,"M",224.178366840775,"M"
"KSAC",77.9530470914127,14.9186791482326,53.7807518796992,8.19423492303714,0.221419641616891,4.44185454941818,1.77196684250188,3.72696393189406,3.34546464786776,2.93008817307026,3.23541823662396,2.56146263926208,4.45290858725762,4.6796992481203,0.0562620623104494,52.9381031155225,48.7394540942928,43.3984008822719,87.1093189964158,63.1771436448856,38.7311827956989,30.0378660049628,29.9747132616487,29.9090970499035,9.06010476978219,7.27832919768404,1.3607664736697,14.3609043286463,5.08216156603253,19.735915000699,"Sacramento","California",-121.5,38.5833,9,"Sacramento","CA",-121.5,38.52,8,72483,466488,466488,495234,0.526278804138382,"P",1.98706601572366,"P"
"KSAF",65.121572971476,16.2487640126545,42.8552552552553,13.7215375447284,-4.29204277183725,4.57618888697583,1.581640331076,4.45127071468079,5.34967365643661,3.27760756525525,3.63069977426637,3.02188827335028,13.5163923087564,13.6156156156156,0.0284427922346138,37.9350130799945,31.8463444857497,24.5598237642847,75.197576758915,49.155307724081,24.8412501721052,30.1351535178301,29.9804708798017,29.8643095139749,9.7255954839598,8.34958006333471,1.81068429023819,19.366790582404,8.50888062783974,29.1354741595585,"Santa Fe","New Mexico",-105.95,35.6833,2120,"Santa Fe","NM",-106.08,35.62,1934,99999,67947,80882,83875,1081.36380818265,"P",1068.19430498955,"P"
"KSAN",71.782563338301,6.26278700776041,60.7027627818355,6.80649266316826,-1.56126663607159,3.52912215602455,-0.775805698271836,2.70726972860137,2.91509866911427,2.52845121140918,2.15273236805231,1.81548486391986,2.38968982088248,2.44097052597297,0.0209615806805708,58.5264544456641,54.7497255762898,50.1817782656422,78.8832052689352,65.0232711306257,50.6046103183315,30.0273084522503,29.9801734357849,29.9326234906696,9.44149286498353,7.6377607025247,4.41975850713502,13.9330406147091,5.55060373216246,18.0017965416573,"San Diego","California",-117.15,32.72,40,"San Diego","CA",-117.17,32.73,9,72290,1307402,1301722,1406630,1.98555151910001,"P",0.602778627708893,"P"
"KSDF",68.6680956990734,18.5265665839182,51.6317394094994,16.9131279946319,-1.85464632454924,4.64282103036576,-0.306096187871964,5.76726464891661,3.73952843273232,3.31812666181655,4.3569245616857,3.79067355283636,19.7181541862393,18.7082798459564,0.141183305830583,52.8261826182618,47.6892189218922,42.2044829482948,82.903602860286,64.1141364136414,44.7176842684268,30.1401086358636,30.0520819581958,29.96399889989,8.85079757975797,5.97607260726073,5.10093509350935,18.5948844884488,7.90305280528053,24.3440322356537,"Louisville","Kentucky",-85.7667,38.25,139,"Louisville","KY",-85.73,38.18,149,72423,597337,596332,616261,389.808226975153,"L",398.159790324729,"L"
"KSFO",64.3792674498963,4.95028212092885,53.7121848739496,3.96960481125407,-4.04560576656501,4.907631425507,-0.084223191457362,3.8131926885041,4.82825062378708,4.13990401885122,2.36847646262596,2.98948298604487,4.29854872149274,4.27220888355342,0.0561411473380107,54.4190397578759,50.8193699270876,47.0788278992984,88.3640115559224,71.7276104003302,54.5153391112945,30.0651107442564,30.0104402256156,29.9543045810978,9.66322740404457,8.26014582473518,3.76778098775622,23.178704085844,10.4454532948136,28.4045271490071,"San Francisco","California",-122.433,37.7833,38,"San Francisco","CA",-122.38,37.62,5,72494,805235,805193,870887,2.49823465230576,"P",0.946610103273527,"P"
"KSGF",69.328909166321,17.66156661904,50.853669518235,16.6886400482995,-1.13699389905713,4.83720055671332,1.22487966305656,5.12484141551573,3.6012201885746,3.4235739087195,3.82746690734055,3.62116674356938,7.02101188830523,7.23097703737055,0.123973582828839,53.3772702256467,48.4547330764997,42.9656026417171,87.3449367088608,67.642267473858,47.3178315905338,30.1239873417722,30.0313924050633,29.9380833791965,9.25839295542102,6.73940561364887,2.93822234452394,19.9012107870116,9.53123280132086,25.3665227684167,"Springfield","Missouri",-93.2833,37.2167,390,"Springfield","MO",-93.38,37.23,387,72440,159498,159446,167319,652.809797865291,"L",657.434429479075,"L"
"KSGU",80.377823977824,17.8359435763807,53.6113451700271,15.2868587961903,1.34939262919498,4.0822495350132,-0.35827027027027,4.33879224147162,3.12415071031501,2.95358580275746,3.39697297297297,2.72242218082125,3.92238392238392,3.88203430634968,0.016665304454434,40.7296689824275,35.4805884756845,29.7566407846342,53.573559460564,36.3616673477728,22.0850020433183,30.0802758479771,29.9918430731508,29.9016857376379,9.96362893338782,9.17674703718839,0.989148239148239,17.0582345729465,5.86289333878218,27.7709067606536,"St George","Utah",-113.5781,37.0953,801,"St. George","UT",-113.6,37.08,896,99999,72897,72763,82318,546.46889900399,"P",543.88704835959,"P"
"KSKF",82.4105117565698,13.0844517444496,63.0129109743282,12.5421504929339,0.484810653349979,4.08803963855151,1.58772193800782,4.68448214091365,2.85074212789569,2.96972792099756,3.47487210352091,3.51980965268926,10.8022130013831,10.8452184356703,0.104679240088106,64.463518722467,59.9413546255507,53.8027257709251,91.8053414096916,72.0678689427313,45.2180616740088,30.0786247246696,29.9999958700441,29.911093061674,9.40308370044053,6.99242841409692,3.78703193832599,16.2618392070485,7.41313325991189,25.2598993655655,"San Antonio","Texas",-98.55,29.3833,206,"Kelly AFB","TX",-98.58,29.38,210,99999,1327407,1327538,1492510,166.302280122523,"G",168.768472949666,"G"
"KSLC",67.7639312448018,19.8178485151954,49.820015048909,15.8406648013383,-1.62852773529821,4.8303163249751,1.41659125188537,5.25579473837396,3.87654664256916,3.30979210510338,4.17435897435897,3.49320917456307,6.81036872747436,7.02483069977427,0.03407146799117,41.5401490066225,35.4479856512141,28.9075607064018,68.8098785871965,49.9795805739514,30.6060982339956,30.0805670529801,29.9714859271523,29.8689762693157,9.50013796909492,8.11147902869757,4.00441501103753,18.5407008830022,8.17315121412804,23.7690366007573,"Salt Lake City","Utah",-111.9,40.7667,1302,"Salt Lake City","UT",-111.97,40.78,1288,72572,186440,186439,193744,851.522444232713,"P",846.125104996216,"P"
"KSMN",60.5051133222775,22.1539340718369,34.535183795949,14.6759310808962,0.755975034251789,6.272606229702,0.733101966617088,6.52828505287451,4.56599177957071,4.36643092538059,4.84779375309866,4.43294984239883,9.28137092316197,9.35933983495874,0.0630839580209895,37.4833535108959,30.875,24.1134987893462,88.2459140435835,62.3565375302663,36.7480326876513,30.1374038461538,30.0342983774038,29.9252223557692,9.4957264957265,6.92322687059529,3.13367609254499,12.9456129807692,2.84344951923077,26.6609400324149,"Salmon","Idaho",-113.9,45.1833,1219,"Salmon","ID",-113.88,45.12,1233,99999,3112,3136,3055,628.410078994276,"P",630.941631068561,"P"
"KSPI",65.3311679336558,20.1865933607195,48.3076692180699,17.9431508208121,-1.82506237870807,5.00629340132199,1.46164259927798,5.48425566115268,4,3.52023718999713,4.27301444043321,3.73528865598839,7.05459571527298,7.4891190154585,0.113902187371028,52.0293025175402,46.8708212959142,41.0718118035493,88.6910166460311,70.2058054753061,51.1513275553721,30.1372554684276,30.0404264685651,29.9434255055716,8.91800797908928,6.23098087769982,3.06589627183932,19.1513275553721,8.69528133168249,24.9762763596004,"Springfield","Illinois",-89.6333,39.8,185,"Springfield","IL",-89.67,39.85,187,72439,116250,116444,115715,229.707749077969,"L",226.92092259605,"L"
"KSVN",78.5161646863775,12.177817588678,61.4991190132949,13.1900117144864,-0.282111680753776,3.69922425157886,1.64820166987797,5.03327948141134,2.69890536233892,2.5453405474057,3.86046885035324,3.62564398029834,17.0341207349081,12.9141300865107,0.152865392547779,66.5062560153994,61.6346761996425,56.3653238003575,96.9274027223979,80.9216279389523,56.317888079197,30.1212030798845,30.0507905953527,29.9844122095421,9.29740134744947,6.34882441908428,2.21971676062148,13.8806544754572,5.53512993262753,24.0122636688809,"Savannah","Georgia",-81.0833,32.0833,10,"Savannah Hunter","GA",-81.15,32.02,13,99999,136286,136963,146763,0.0581379235517716,"S",4.40491269579757,"S"
"KSYR",58.5982315556784,20.7678684645002,43.9484139698815,18.0434563702562,-1.37924345295829,4.76886803816932,2.78368395696162,6.68351629190029,3.62643757794097,3.38995671076333,5.23751405171029,4.9983568889894,25.1948051948052,24.1364947132329,0.118566419141914,46.905803080308,41.3056930693069,35.1479647964796,92.139301430143,71.8813256325633,51.093096809681,30.1057398239824,29.9980129262926,29.8872552255226,8.91542904290429,6.0204895489549,5.93963146314631,19.2416116611661,8.30706820682068,25.059045753463,"Syracuse","New York",-76.1333,43.0333,177,"Syracuse","NY",-76.12,43.12,124,72519,145170,145208,143378,52.8228005177664,"L",44.8443942560173,"L"
"KTAD",68.2022114720111,16.5635861634302,41.6025506376594,14.7573620742336,-2.17007288838073,6.00544841796225,0.842512376237624,5.34803967172492,5.03072745462341,3.93236111284926,3.87283415841584,3.78289573216223,7.97650310988252,8.6946736684171,0.0409224333522405,38.0673567782189,31.8004821327283,24.6179807146909,73.612733976177,50.0774248440159,26.0192853091322,30.1213173567782,29.9639052750993,29.8293618831537,9.41433640880057,7.54776437189496,1.77495745887691,23.7325581395349,9.76318774815655,30.0656652360515,"Trinidad","Colorado",-104.5,37.1667,1866,"Trinidad","CO",-104.33,37.27,1756,99999,9096,9091,8103,1168.17477444927,"G",1167.79517851119,"G"
"KTIK",74.2641978720464,16.9695727019793,54.871606419679,16.1310363987508,0.332039911308204,5.12429610631935,1.31990378833434,4.74461678891735,3.70121951219512,3.55917852942743,3.56013229104029,3.4025503423599,11.6899267652342,11.852407379631,0.134914042084995,55.5140970980608,50.607344244258,45.1589877595929,85.8447256223353,67.1563746389768,44.6667583551093,30.115601705405,30.0204180992986,29.9223353046348,9.32884059964242,7.36913767019667,2.35579700178792,18.3346169715307,10.4381790675285,27.9787964458805,"Oklahoma City","Oklahoma",-97.4667,35.4333,373,"Tinker AFB","OK",-97.38,35.42,394,72354,579999,580004,638367,658.782167037336,"G",654.979060789968,"G"
"KTPA",83.1493506493507,8.26293043283405,67.6465310046467,9.51732771455952,-0.710821671054455,2.72337658948507,-0.443462897526502,3.70087580951027,2.09505334626576,1.87943095823773,2.73546418246065,2.531641038289,22.9690522243714,16.3291139240506,0.163464658965897,68.2121837183718,64.3224697469747,59.6540154015402,86.7168591859186,69.2902915291529,51.2233223322332,30.1182109460946,30.0611193619362,30.0044471947195,9.6001100110011,7.21452145214521,4.18151815181518,16.084295929593,6.50481298129813,22.8612267554815,"Tampa","Florida",-82.45,27.95,5,"Tampa","FL",-82.53,27.97,3,72211,335709,335713,377165,0.559580431253089,"G",1.84161017490881,"G"
"KTYS",71.3668835663852,16.5568336272468,52.897049390635,15.2796960303298,-0.722715912246598,4.42341774995061,0.860472592830735,5.57452996029532,3.29033601777284,3.04322211794729,4.14354605368912,3.82677177454815,21.9756333933269,20.5115458627325,0.13178035000689,54.9167700151578,50.1160259060218,44.7015295576685,89.1755546369023,67.8929309632079,46.0363786688714,30.1427780074411,30.0619264158743,29.9808763952046,9.06903679206284,6.20022047678104,4.9774011299435,16.866198153507,6.13807358412567,21.7501408450704,"Knoxville","Tennessee",-83.9333,35.95,277,"Knoxville","TN",-83.98,35.82,299,72326,178874,178430,186239,317.269614239709,"S",307.830798613959,"S"
"KVGT",83.262510367708,17.3984481860505,63.4061233678523,15.3091186194379,-0.185775682794954,3.70989481638996,1.91095066185319,3.89240121790313,2.69319284624983,2.55803508703113,3.42268351383875,2.66205638638999,2.24910146530274,2.20921506828756,0.0091352504127683,39.0577875619152,32.383874518437,25.1682963779094,42.8763070996147,29.1814804623005,16.4607870115575,30.0344496422675,29.950460924601,29.8654086406164,9.96450192625206,9.63208585580627,0.631535498073748,18.3820858558063,7.51458447991194,26.3809998339146,"Las Vegas","Nevada",-115.2,36.1667,663,"North Las Vegas","NV",-115.19,36.21,671,99999,583756,584526,632912,371.231345026894,"P",375.412516219891,"P"
"KVUO",65.9239806496199,15.0174269302678,49.442160540135,9.2936775234563,-0.611311339062933,4.56476898660971,2.06751879699248,4.47893557649065,3.45467147213751,3.0453997547241,3.78481203007519,3.1637294828245,12.7795438838977,12.6256564141035,0.100639702847709,49.3886366762966,45.5951300041271,41.1803549319026,88.8683450268262,69.3659375429908,49.3935892144724,30.1157559499243,30.0308570642454,29.9391167973586,9.23652653342522,6.83721571330117,4.00495253817582,13.3765304718668,4.81441738891182,18.9870147810471,"Portland","Oregon",-122.683,45.5167,36,"Vancouver","WA",-122.66,45.62,10,99999,583776,583799,639863,4.50038969221772,"P",0.212611323009287,"P"
"PAMR",46.4861786359217,17.3413275557788,34.9229956213196,16.178112032462,-1.28935636667595,4.65923966517569,0.5534200968523,4.91096977611781,3.74547227640011,3.05625072652937,3.62061138014528,3.36350017896776,9.75274343658842,9.7843137254902,0.0401354901147518,35.136734411724,31.1754458730817,26.7787916493848,84.9460804645375,70.6603069265865,54.5763860085718,29.8805544034287,29.7843315360155,29.6895354624637,9.39803677588829,7.74616341766902,4.70040094013549,9.13383105212222,3.39015622839762,23.0395569620253,"Anchorage","Alaska",-149.9,61.2167,27,"Anchorage Merrill","AK",-149.85,61.22,42,99999,291826,291826,298192,0.427943950292892,"P",2.10968314429975,"P"
"PHNL",83.8176503340757,3.29650192674499,70.4863354975087,3.03076227842112,-1.06826748569035,2.43111225280607,-1.75689185095426,2.9628005085772,2.12341197822142,1.59441323439975,2.78142986973644,2.03169862887993,29.1830201809325,30.2959383964971,0.0373597451170522,68.3147250311678,65.7366671284111,62.930322759385,81.2260700928106,66.6855520155146,50.6197534284527,30.0445684997922,29.9993932677656,29.9520432192824,9.88405596342984,8.77406843053054,3.68873805236182,19.6758553816318,9.44147388835019,25.7761276891048,"Honolulu","Hawaii",-157.8167,21.3,24,"Honolulu","HI",-157.93,21.35,5,91182,337256,337719,351792,2.26204595397853,"P",1.07597123455424,"P"
