"AirPtCd","Sd_Max_Temp","Max_Temp","Sd_Min_Temp","Min_Temp","Sd_Precip","Mean_Precip","Sd_Max_DewPoint","Max_DewPoint","Sd_Min_DewPoint","Min_DewPoint","Sd_Max_Humidity","Max_Humidity","Sd_Min_Humidity","Min_Humidity","Sd_Max_Sea_Level_Press","Max_Sea_Level_Press","Sd_Min_Sea_Level_Press","Min_Sea_Level_Press","Sd_Vis","Min_Vis","Sd_CloudCover","CloudCover","Sd_Mean_Wind_Speed","Mean_Wind_Speed","Sd_Max_Wind_Speed","Max_Wind_Speed","mxT_sd","mxT_mean","mnT_sd","mnT_mean","mxT_sd_abs","mxT_mean_abs","mnT_sd_abs","mnT_mean_abs","BSS","city","state","longitude","latitude","elevation","dist2coast"
"KAAO",19.0506529399548,70.8920967741935,18.2500926988968,49.2258637391024,0.294593503513278,0.0836113789778206,17.5698030023869,52.6139158576052,19.6155722036406,42.1381877022654,11.0264253221715,88.1318770226537,15.5279332486923,44.9720064724919,0.215502807005268,30.1129234972678,0.21192282914229,29.9046319511411,3.5711377561798,7.49659974093264,2.58330740689239,2.33064255731353,4.25608275908661,10.3077171456248,6.57481282183862,18.623506619309,4.68074400878145,0.192270058708415,5.14438366930363,1.82304929807378,3.16825583424606,3.45058708414873,3.68426806542586,4.02644466209598,0.142714469668707,"Wichita","Kansas",-97.2833,37.7167,429,892.843265018098
"KACY",17.6066705644043,66.7779555271157,17.5923982361669,47.2273236282195,0.412127791066767,0.140532714765638,17.3015599801362,52.2653258246179,20.0947293459959,39.8070796460177,11.2234226976205,88.6794250645995,16.9678227249117,47.8659065360527,0.195503425620323,30.1336194448901,0.211394026616963,29.9371169581261,4.1025363871855,6.18744971842317,2.69110581970896,3.13773129525342,3.91593398864926,8.62590158679276,6.23087356438459,19.2055564477276,5.26329372791542,-3.52431733721118,6.96818217715645,4.43268142880233,4.07466971875713,4.84957182097269,5.34320897580058,6.29691288184904,0.182458859443717,"Atlantic City","New Jersey",-74.4167,39.3667,4,0.557594150344886
"KAGC",19.1805278425457,63.263477843545,17.5977732655747,46.0735882258839,0.289338802966238,0.125247160454327,17.2325733060492,47.1059030555111,19.3350096254552,35.7989121740521,10.4515198650723,82.8749000159974,13.5046314144466,45.4348104303311,0.185853893387817,30.1441961286194,0.197398805537044,29.9455895056791,3.86196693039034,4.85714285714286,2.66583293744374,4.12350023996161,3.20671087228971,7.49768037114062,5.31337292240155,14.318828987362,4.7195930081024,-0.653740507351753,5.89807288557312,0.66289592760181,3.32522633163301,3.41218290515431,3.99026222342271,4.39334195216548,0.0470216634871172,"Pittsburgh","Pennsylvania",-79.95,40.45,276,171.696535582235
"KALB",20.3697673806765,61.4554043234588,18.6983811716906,41.9144915932746,0.279212693208842,0.108304243394716,18.5282165135183,45.0965572457966,20.5919276509851,33.4499599679744,10.9078699531981,83.7407526020817,14.0206303688276,45.222257806245,0.210863972575642,30.1286917534027,0.225096539196487,29.9092746196958,3.94131738151808,6.78606885508407,2.13070852724622,5.24691753402722,3.8336589637836,7.60400320256205,6.73958815439123,18.8547638110488,4.22575258364313,-0.913634158175643,6.41414059813264,1.37878052725214,2.95680703888437,3.15397056445091,4.41923653098584,4.84861717612809,-0.210091799402565,"Albany","New York",-73.75,42.6667,26,1.25006406308377
"KAMA",17.3693018448684,74.6925291953287,16.3573876401806,47.2577187649976,0.247081798378726,0.0735898256278995,15.2910252106156,48.4218525035994,17.2370781521082,36.3282674772036,13.8034846687407,83.1532554791233,16.9149607956095,33.0531115021597,0.198945937761935,30.1130699088146,0.196338714845973,29.8605263157895,3.70935836393364,7.4191329387298,2.49362300420293,1.94704847224444,3.92700099278221,12.5991041433371,7.01883300776657,24.7229243321069,5.23324534937519,-0.878655679431249,4.56154898434595,1.34873949579832,3.63407346704719,3.86653740507352,3.20906296880397,3.51098901098901,0.117716759433589,"Amarillo","Texas",-101.833,35.1833,1115,850.780115194868
"KANJ",21.2026497277091,53.2889137737962,19.3385100111484,36.0873460246361,0.248900640856381,0.104895216765318,18.4794363982005,41.2372799224681,20.6872928975245,29.7438216766274,7.8872498257334,89.7087707963172,14.9266819922736,54.8043934743983,0.212678004560905,30.0944451623324,0.248683921634517,29.8627798417057,4.16701727796954,4.8476821192053,2.88063057380757,4.62251655629139,2.92659921036827,7.05927959941851,4.91760149587985,16.3022128896786,4.09473780200985,-2.18920665697205,5.92295618299555,1.38810793343028,2.91138993677868,3.61690095330425,4.08932202870301,4.50363548230732,-0.599159142579925,"Sault Ste Marie","Michigan",-84.35,46.5,186,0.356451491658163
"KART",20.0911580667219,58.1945288753799,20.3625138001446,37.8161894096945,0.246503821457764,0.0934658454647256,17.9459592395702,45.6143017117261,21.1109306040981,32.4399296112622,9.18153575756154,90.0831866901296,14.1606214914401,51.634298512238,0.219150384395381,30.1088113901776,0.234161947910637,29.8805423132299,4.01374548255472,4.66277021617294,2.82492700330259,4.18445048792193,3.69661790107863,7.92641177411614,5.70872294458005,18.1754919212926,4.63286700707585,-1.89820649539506,8.662179698923,3.36984973339796,3.3989667326496,3.67587655517854,6.29492839353286,6.83793827758927,0.124824644248605,"Watertown","New York",-75.9167,43.9667,149,8.70000541796427
"KATL",14.3455793291938,75.6314189729643,14.6767801266905,56.7218045112782,0.383182281049109,0.142749960006399,15.1220244141986,57.2527595584706,17.9720233599508,47.2262038073908,11.7452562071473,84.7410728582866,16.0600783864698,44.8366661334187,0.15119560157098,30.1445640697488,0.15638586989863,29.9999392097264,3.84447615454896,6.99824028155495,2.26983230186977,4.51735722284435,3.10187393936154,7.75283954567269,5.7537254124802,18.0916653335466,3.7919004695529,-1.51990935577857,4.54727130098099,-0.252628174025554,2.72277789709893,3.04532211071544,3.09323887438198,3.34239042535986,0.17028492627791,"Atlanta","Georgia",-84.3833,33.75,309,218.109915242447
"KAVP",19.979854327321,62.9512078067509,17.4316079280601,43.6395776675732,0.258507752918532,0.0950983842585186,17.87736717861,46.7721964485682,19.7956844389381,35.2706766917293,11.4041493154616,84.9900815869461,14.2309846771901,45.3012318029115,0.193550414171057,30.1253703407455,0.213537655275234,29.9183346664534,3.74669570712708,5.78195488721805,2.6851799888552,4.31195008798592,2.94080787727533,6.4399296112622,5.4688932561761,16.8597024476084,4.41639385160791,-2.52270156729682,6.1224461156999,0.31431803490627,3.28184213046426,3.88544191307158,3.98052528110606,4.66208791208791,-0.190250258424864,"Scranton","Pennsylvania",-75.65,41.4,269,135.431484835106
"KBAD",15.0048621549239,78.3458124899145,14.8137223162148,57.6059383572696,0.583121695884945,0.16024366629014,14.0053019825143,62.546232047765,16.4593738746191,52.4511860577699,8.50705428396281,94.9672422139745,17.1000387514562,48.8739712764241,0.167728768434083,30.1237405196063,0.157304746823084,29.9710795546232,3.75447922638163,6.63546877521381,2.53294289444017,2.6764563498467,3.24380594634852,6.17088913990641,5.55678891353355,13.9088268517024,4.65720223776135,0.609942950285249,4.74376562511961,2.29160554197229,3.52882187028245,3.09959250203749,3.66092068157043,3.78826405867971,0.231059036621182,"Shreveport","Louisiana",-93.7,32.4667,46,230.17494213248
"KBFI",13.2461395232631,64.764131305044,9.81910307664857,49.9817453963171,0.239409751237706,0.102070456365092,7.99029601974925,49.5402722177742,9.37039271882504,42.0259407526021,10.269254673251,86.3513210568455,16.4311998083343,50.9668534827862,0.180341049297063,30.1085108086469,0.217042414706815,29.9303426741393,3.26385491011896,7.40240192153723,2.63153834049793,4.6275420336269,2.59717539809685,4.67782225780624,3.70980222561686,11.1476381104884,3.55530281627525,-1.66294678958434,3.60419244714194,-0.990616405112441,2.49206424657306,3.0321850234514,2.43243874885481,2.83789030901149,-0.128072916773738,"Seattle","Washington",-122.333,47.6167,41,1.16824950648118
"KBFM",11.7041181458333,79.1838270616493,13.404195983657,61.8105684547638,0.492997959783253,0.174770216172938,12.4991115487859,66.4273819055244,16.0680886527892,56.5349879903923,7.46194854906295,94.289351481185,16.6190590813572,55.5662129703763,0.145049944891328,30.1361985588471,0.14323049755347,30.0124371497198,3.86716068796691,6.46277021617294,2.38488263043623,2.63714971977582,3.24986216345731,6.39519615692554,4.98648123781906,14.0536429143315,3.47565461626285,-0.243085880640466,4.63393435950057,0.161248584829371,2.4474800982579,2.47954067604723,3.15989759215981,3.39301310043668,0.257237672598776,"Mobile","Alabama",-88.05,30.7,4,1.0348986231735
"KBGR",21.0800476252911,57.2909527622098,19.9757548924931,36.4871096877502,0.285223587045027,0.104125700560448,18.6522494084856,43.0975180144115,21.6293549771409,30.6193755004003,10.6142650765745,90.7325860688551,17.3713703378954,48.8560448358687,0.232381009110079,30.0981072858287,0.259833109543303,29.8555100080064,4.19057218040485,5.74635708566854,2.29779803640174,4.96108887109688,3.46005778756892,6.91433146517214,5.57096744330163,18.3290632506005,4.50934362598762,-0.787158337376678,6.80088955643336,2.67588549247938,3.01791840330175,3.44153323629306,5.08325119080556,5.2506873685913,-0.0506680147949852,"Bangor","Maine",-68.7833,44.8,46,0.778630473036258
"KBHB",18.1389146292094,54.9730182671359,17.8847113146871,37.8084464555053,0.31080471470426,0.0997450331125828,17.5468400651118,45.7361181009898,20.7431792891928,32.6861264888442,8.98975024767331,95.0578761952692,19.4645516575645,56.2331823519544,0.229153854324284,30.1051609157266,0.261417315342688,29.8601078301261,4.07902164581275,5.33592715231788,2.7873864920843,3.80281456953642,3.3693531231073,6.25115894039735,4.91526450221577,14.9399006622517,5.04297188058921,-3.13109756097561,6.58361306702932,2.41106856943961,3.67033232637291,4.664972899729,4.82010971728739,5.0911938739993,0.077454623582199,"Eastport","Maine",-66.99,44.91,35,0.435655057842547
"KBHM",14.7408940813327,76.7997120460726,15.5794768116636,56.179491281395,0.410101679224984,0.154259318509039,14.6275463919089,58.9448088305871,17.9706198019943,48.4106542953128,9.30635730372511,89.7733162693969,16.4005372539208,44.8488241881299,0.15224080585863,30.1570852663574,0.155643084493851,30.0110030395137,3.56868138142251,7.09566469364902,2.41891774136982,3.99392097264438,2.8974619755669,5.96784514477684,5.74048052215726,17.2297838270616,4.0106732309381,-0.707384068508644,4.67135529618063,1.06867022136048,2.82732819407105,2.93100662465665,3.32221636209227,3.45322346097916,0.26998356604879,"Birmingham","Alabama",-86.8333,33.5,172,309.461064103777
"KBIS",24.5364680266247,59.7211584875302,21.2897983689244,34.7211584875302,0.196666807974616,0.0545526950925181,19.1256549270269,41.6403861625101,20.9359779872831,29.2347546259051,8.69824564823443,89.4941214366243,17.7269645958985,44.939340305712,0.238930794879195,30.1206130329847,0.238387991557222,29.868389380531,3.79702863545434,6.86098149637973,2.76717665402414,3.11327433628319,4.07917966287116,9.34432823813355,7.38209962681407,21.1983909895414,5.52092991551629,-2.04404355598895,6.10742602551992,2.48984235332358,3.83820478046507,4.46367625548513,4.31643893225006,4.98651064521372,-0.216177150086361,"Bismarck","North Dakota",-100.783,46.8,499,658.502070741078
"KBJC",18.7325568325288,66.6235802271637,15.4393401818329,43.1235002399616,0.149131310946613,0.0436202207646776,14.0419543081963,38.8189089745641,14.3020128958203,25.5964096810386,20.1372466243363,74.588865781475,17.9320116304173,28.2313229883219,0.164990130346703,30.1667333226684,0.197671629423312,29.9800831866901,3.42028413307158,8.07267768329857,2.00567681945007,2.85202367621181,3.53834640937684,6.40585506318989,8.21823892161647,18.1043673731535,5.64111029431447,1.24963645176927,5.16959786427212,-0.166370250606306,4.02783773938986,4.14218775246405,3.52704812249704,3.78286176232821,-0.298432396327135,"Denver","Colorado",-105,39.75,1583,1297.61749095502
"KBKE",21.071956562014,63.0547527296082,13.6024266194021,32.8309248554913,0.088008040599762,0.023341898185322,10.8324507207601,39.7809539103902,12.215402222287,27.8533804400193,9.49121302221108,89.7814356833146,20.5734325476521,39.2195278625341,0.201657400156817,30.1401316845993,0.205139039762332,29.9432632086077,3.98844788391765,6.9384936566565,2.67663858943164,2.47101332905091,3.82114621695686,6.9861891761683,6.98014880836196,18.9882768588405,4.57437308829328,-0.773597145637366,6.1625899674712,4.13087901394745,3.09108239157501,3.45929289652935,4.40077350691456,5.97259163152773,0.0495929987386253,"Baker","Oregon",-117.833,44.7833,1046,333.665283182841
"KBKL",19.4372087948182,61.3492629191641,18.4446266121564,48.1550299692208,0.223041369217503,0.0862730627306273,17.3881761083408,49.4856633727523,18.4335976144917,38.0592904584481,9.85720530280016,82.8214806415033,12.6570255644199,53.3576867001458,0.194387437111719,30.1226199261993,0.210827644407872,29.9191673351516,3.71200742649916,6.06240975453233,2.70268163639704,4.08053906626023,4.88974636146805,11.1796887534093,6.74648823234077,19.0550296807316,5.25834466224619,-0.973326787759777,5.2944356840039,-1.21682212403862,3.66257277201337,3.89625265913926,3.36877278887282,4.26149566355752,0.108106736798482,"Cleveland","Ohio",-81.6167,41.4667,252,5.47230351772684
"KBNA",17.2824144242483,73.6674132138858,16.5363192138848,52.592225243961,0.327889911222195,0.131892497200448,16.2708291698641,55.526795712686,18.7692618635005,44.9905615101584,9.85046752230242,87.8181091025436,15.7731355494585,44.525195968645,0.170814677646577,30.1472532394817,0.171329657700419,29.9852199648056,3.66131224896464,6.66789313709806,2.35726688969444,4.80179171332587,3.11502359202677,6.34474484082547,5.71328732983576,16.6571748520237,4.41937519716121,-1.28421392793666,5.01031960892428,0.880917757311359,3.13723174862098,3.36694134755211,3.58211830468901,3.61189206656972,0.202685420559057,"Nashville","Tennessee",-86.7833,36.1667,153,521.732439397992
"KBOI",21.277040662275,68.1180611102224,15.724867289583,45.36250199968,0.109406495464026,0.0332082866741321,10.0214090736198,40.5666293393057,10.0698508222072,29.3644216925292,19.5809277841357,71.5136778115502,19.9842751382725,32.7531655714057,0.212118477719376,30.0917501199808,0.217375860865226,29.891444568869,3.53022690846863,7.49576067829147,2.67623580909886,2.219804831227,3.02880643453046,7.20140777475604,6.02254328432616,18.3794592865142,4.47307533399149,-0.999353692034254,4.84533136396192,-0.829051543060268,3.08892657274984,3.38584585555017,3.32065618431833,3.62433349491032,0.0671070713616376,"Boise","Idaho",-116.217,43.6,838,505.234629248533
"KBOS",18.7748130699155,61.5165573508239,17.315857074826,46.2034874420093,0.288963370880197,0.106135818269077,17.3900774573365,47.6798912174052,20.2204870571732,35.0708686610142,14.415613082596,83.6413373860182,17.7837141295591,47.9876819708847,0.215053626973562,30.1144808830587,0.239242658127528,29.8902655575108,3.91494431063421,6.97296432570789,2.33499275712193,4.69204927211646,3.64331487602626,10.8918573028315,5.91326820374639,20.8686949559648,4.74430573851769,-0.632735498465019,5.16368828036338,0.734529003069963,3.13575365917779,3.61576991436419,3.46588887685891,3.89723703344644,0.0966860309997444,"Boston","Massachusetts",-71.0833,42.35,3,0.526550599023342
"KBUF",20.1488411982362,59.3637817949128,18.2154686414472,43.057110862262,0.264488097632301,0.106219004959207,17.2037915960161,46.2167653175492,18.8559804829769,34.4287314029755,8.48559528697259,85.740153698367,14.0844267030189,50.4386498160294,0.20223603443358,30.1191361382179,0.22268422575606,29.9007742761158,3.91551508870218,6.01007838745801,2.1022962969203,5.36618141097424,3.96053701220579,10.1346984482483,6.65497613198043,20.8560230363142,4.37063385363895,-1.44126676361286,5.78064517151244,1.43528841492971,3.16572649263433,3.34011956697366,4.03115958675257,4.38439166262724,-0.112476046816603,"Buffalo","New York",-78.8333,42.9167,198,2.9643670260717
"KCEF",20.3455092798078,61.9569668852983,18.2519750856962,39.3343465045593,0.243140701752101,0.0891473364261718,18.391894634808,46.5370340745481,20.8021285055915,33.0934250519917,10.1458955100025,92.2273236282195,16.1248652425794,45.1015837466005,0.209037328296504,30.1315757478803,0.232968522438737,29.9033754599264,4.29166581521964,5.16637338025916,2.63466921546141,3.81250999840026,3.73641301395419,5.87729963205887,5.81891454116402,15.162693968965,4.34913863275435,-0.040071093876232,7.34128085058485,3.8078849571821,2.99388030945865,3.15462918080465,5.38257323692891,6.27839715624495,0.0656206962090573,"Springfield","Massachusetts",-72.5667,42.1,59,75.7048139435836
"KCHS",12.8417194691744,79.0179171332587,14.6911761693488,59.1977283634618,0.604842623344749,0.171959686450168,13.4432534379859,62.7109262517997,17.4418668542132,52.2773956167013,7.76964592369274,90.8441849304111,15.8255958659154,48.0977443609023,0.161760183601776,30.1335834266517,0.168431901574272,29.9916941289394,3.62956157887412,6.98576227803551,2.3143355736229,3.76675731882899,2.83657612415791,7.47400415933451,5.16330991749588,17.9257718764998,3.85611261525727,-3.22301228183581,5.32220579009117,3.10391079508727,2.87704124028689,4.12055591467356,4.05716409160704,4.63655462184874,0.131444460450904,"Charleston","South Carolina",-79.9333,32.7833,7,0.80409276632564
"KCLT",15.6089149985645,74.6966885298352,16.1282471836355,52.8515437529995,0.311134634574595,0.111206207006879,16.2137929862546,54.8309070548712,19.293409279641,43.9595264757639,11.7949291839807,85.4504663879061,16.2951343815041,41.0451127819549,0.169646287272885,30.1467125259958,0.173905568470825,29.9827371620541,3.61361376919066,7.37673972164454,2.38758576756363,4.60598304271317,2.60357245677434,6.33578627419613,4.9880940410476,15.924579663731,3.96497291294688,-1.8021978021978,5.68200765430662,2.03215901745313,2.85230538212993,3.29120879120879,3.97287879005096,4.54185520361991,0.16079079529937,"Charlotte","North Carolina",-80.8333,35.2333,227,216.97096628852
"KCNM",16.8941737006316,80.0610049767218,15.6633196541032,52.0043387433714,0.15282780980513,0.0302981246994711,14.7872894210919,49.4930165355595,16.5177337113642,35.5240006421577,17.4068719553833,76.8954888425108,17.6184777867607,27.602183336009,0.188814266873503,30.0674971923632,0.179757326080771,29.8170928926681,3.38148747963547,7.85183358000329,2.21443182437789,1.56248997272581,3.40009910009867,8.49542756297128,7.29214945517668,18.7240494144072,5.35350737639141,0.080051855452925,4.9623970255595,1.26991078669911,3.72517209979872,3.84540593096743,3.3795296990844,3.84898621248986,-0.0824744395368788,"Carlsbad","New Mexico",-104.25,32.4333,961,806.741090434837
"KCPS",19.6274840186302,69.6680544435548,17.8803201990414,49.6824659727782,0.304909554180073,0.11093354683747,17.5480436066759,52.8156925540432,19.3448532579028,42.1477982385909,9.21406698529294,87.0959167333867,14.3681845758376,46.4216172938351,0.199542639552803,30.1357293835068,0.199880585439206,29.9493114491593,3.91681594849637,6.12137710168134,2.70932530895196,2.88246597277822,3.58397888510734,6.15724579663731,5.43162263072554,14.1364291433147,4.70329443543988,-0.919456574478409,5.35145144477514,1.31683648714216,3.2375732674371,3.53307455927543,3.56834003645509,4.19957949215591,0.188985649683507,"St Louis","Missouri",-90.2,38.5833,127,371.451433133581
"KCQT",8.97964798456664,77.8585826267797,7.15162591780898,59.280275155975,0.179172752773479,0.0317573188289874,7.60599746518558,56.7126859702448,12.885889320502,47.3055511118221,12.3758867644903,82.6389377699568,16.1618650371225,41.8118701007839,0.108104028818877,30.010937450008,0.105730533842378,29.9073412254039,3.13770063976015,6.85650295952648,2.44775532940194,2.22236442169253,0.920760134738621,1.76227803551432,1.93271058029133,9.08190689489682,3.61892752927015,-0.610276296655356,2.81902147210354,0.248990143803522,2.3515966580637,2.81741799967685,1.83799825478825,2.1517207949588,0.153526236844229,"Los Angeles","California",-118.25,34.05,85,14.4068533458597
"KCRW",18.0799659285019,68.567078057381,16.712416397415,47.6717422663888,0.305162021537947,0.134527969225837,16.9942123906944,52.1182881872095,19.5220445947682,41.4558422824171,10.3140581685738,91.5545760538548,15.8324563843698,46.5956082705562,0.175563901028359,30.1470443981407,0.184702201166269,29.9641593204039,3.77786746594355,4.65875941657317,2.21340519810792,4.84596890527328,2.9266171282242,4.7621413688091,6.31095005862671,15.5694822888283,5.00271583656878,-0.716852841185041,6.33783881169248,1.57357940747936,3.490813570657,3.65420106847984,4.35741195269979,4.86352598348713,0.0215110005905694,"Charleston","West Virginia",-81.6333,38.35,182,344.520912196202
"KCUB",14.7134205344388,78.4301040832666,15.2759979581063,57.4310648518815,0.486823263293191,0.145428342674139,14.372271847592,59.2415451194102,17.8533563810303,48.2978041352781,8.89338299976873,88.1032216701394,16.0632931545665,41.9153710530534,0.168261433188314,30.1483459250924,0.168582669698456,29.9936344639126,3.68229588896579,6.36672543676871,2.60188590117833,2.64305177111717,2.15312771701152,3.71561248999199,4.91683396697699,13.141873498799,4.03283160719685,-1.25295164159793,5.1876093754979,-0.318292091217855,2.92449938818628,3.04625586284975,3.47938014111456,3.860585476306,0.196888668211636,"Columbia","South Carolina",-81.0333,34,98,101.58111316408
"KCYS",19.2448239928768,62.952556499439,15.8803702274758,37.5279423538831,0.140270301772266,0.043906325060048,14.494097495827,36.8137710168134,14.9831351849035,23.9681345076061,15.4297382154895,77.7579894009957,18.0935348665708,30.0060848678943,0.194091088541718,30.1388342674139,0.19543542146236,29.8454235388311,3.95284497155434,6.92137710168134,2.53357334629937,2.54571657325861,3.98810701539948,11.3670136108887,7.78224278816435,24.8275420336269,4.9896517534264,-1.80097323600973,5.09638117914794,0.497493126314087,3.43093042635819,4.0455798864558,3.58648047008742,3.65453663270257,-0.361122851209716,"Cheyenne","Wyoming",-104.867,41.15,1866,1192.04549428892
"KDAL",15.9924728142875,79.6026235802272,15.4009492231253,61.4220124780035,0.393659326081624,0.119152135658295,13.8427060363187,59.7654775235962,16.2792199083822,49.6597344424892,11.4855511565071,81.0878259478483,15.3999476197203,42.5883858582627,0.182027048023435,30.0954263317869,0.172898847729858,29.9219564869621,3.46945975204276,7.4399296112622,2.52233374326199,4.20684690449528,3.51115188603246,9.18013117901136,5.41354886053479,17.1310190369541,4.27690836742014,-0.510583292939085,4.55795161196452,-0.631221719457014,2.98478482487166,3.10518662142511,3.00646499402173,3.48319327731092,0.25415039760988,"Dallas","Texas",-96.7667,32.7667,132,359.838982829699
"KDBQ",21.4578661793235,59.27344,19.8042132043488,40.88112,0.291737461499189,0.1020088,19.3097122253536,46.9859722670106,20.7980123699876,36.0880361173815,9.07501197761496,91.576104482425,16.2470565538133,56.4216381812319,0.20826217362391,30.1282634633989,0.224603923992552,29.9179909706546,4.05138230151847,5.79264753305385,2.72393390237569,3.47892782173422,4.16969152177735,9.92016,6.83853742049641,20.4214491824303,4.58008007149812,0.717032967032967,5.11964647680815,2.28846153846154,3.10016226634281,3.44650937297996,3.73536720666861,4.18244990303814,0.0944436958233433,"Dubuque","Iowa",-90.6667,42.5167,191,227.841175526713
"KDET",20.3912912976162,61.0644334027889,18.2243929528822,44.8983811508255,0.309368577575915,0.0881008807045636,17.8813199243852,47.197307260779,19.0369940747351,35.54383715339,10.3467729431055,84.9631351178073,14.2191723980854,49.4031094726719,0.238453160091296,30.1491617246354,0.270092302041637,29.8992482769675,3.76016009444247,6.33114281134797,2.72463182689461,3.68312229523962,3.34968433722639,7.60666773521398,4.65783930013035,15.0104183362718,4.23492726343237,-1.22826614861583,5.49237355534989,0.911917098445596,2.9809155542338,3.24898818196536,3.57114535207878,4.27104922279793,-0.143890106561944,"Detroit","Michigan",-83.05,42.3333,183,0.893311511859978
"KDLH",22.5707426937945,52.6746120620701,20.7038196994076,34.8040313549832,0.24605713075541,0.0916037434010558,20.2572416744225,39.817149256119,21.8923086125648,28.9758438649816,9.94711350302555,88.751719724844,16.864316984098,53.9987189751801,0.220683104868216,30.1071620540713,0.240827826572246,29.878320268757,4.23997798384277,5.43561030235162,2.67247471981239,4.28983186549239,3.61584335051981,9.86002239641657,5.81619726555925,19.6490161574148,5.09252858944812,-1.36274034577476,5.2632922644122,2.28065923412506,3.56277504724455,3.88528033608014,3.85397853357021,4.24834383583778,-0.807040641900796,"Duluth","Minnesota",-92.0833,46.8167,328,1.83483440340397
"KDMH",18.6401890118898,68.0631898896177,17.4795119841295,53.0652695568709,0.363513844487687,0.116290193569029,18.0580088875145,50.8789431545236,20.3007746987709,39.3847878302642,15.0460812846114,77.5768552652669,15.2804023357273,43.1855884707766,0.198137517188959,30.1449832026876,0.203900193350826,29.9491473364262,NA,NA,NA,NA,3.41990743624742,6.36602143657015,6.40605572564011,17.2501999680051,4.83432267640745,-1.00646307965746,5.46398085627688,-1.51785425755372,3.50606568715607,3.47697527872031,3.63321290817061,4.35385361124576,0.286936360477966,"Baltimore","Maryland",-76.6333,39.3,49,2.45158940478312
"KDOV",17.8499244948791,66.3767397216445,16.9727333916548,49.5896656534954,0.362219976736447,0.135874260118381,18.1915014918218,56.7275635898256,19.9340416684335,44.0879859222524,10.0330757250326,95.0105583106703,17.8599847259312,56.7069268916973,0.195112063229635,30.1326475763878,0.20868774186996,29.9341065429531,3.73102720174527,6.54935210366341,2.5388072052198,3.12733962565989,3.81644797045397,8.51687729963206,6.09028639236821,16.6621340585506,4.4112911972197,0.374212312166747,5.6680913336609,1.03054792306449,2.98694738003599,3.26740992082727,3.74401090940883,4.37821238079845,-0.0137751579388641,"Dover","Delaware",-75.5267,39.1619,11,1.00075433653837
"KDSM",21.2282087042886,64.8185890257559,19.8345365669447,46.0883058710606,0.334809172799028,0.105778275475924,19.1021151971189,48.3765797472404,20.9747162035826,37.9070548712206,9.76596769910612,83.7250039993601,15.4919406446323,47.827227643577,0.22039904851316,30.1179363301872,0.221450917419883,29.9097408414654,3.71687666963159,6.89633658614622,2.42596317540631,4.74644056950888,3.624036650551,9.62741961286194,6.62394189966923,20.3760998240282,4.88099078727538,-1.34965260946841,4.95183294259926,0.069327731092437,3.33746508081741,3.80853126514784,3.26145840399744,3.72640594699418,-0.203556873793291,"Des Moines","Iowa",-93.6167,41.5833,241,459.616940570641
"KEED",17.4232669171686,91.0124858115777,15.7329408290572,67.3027403924112,0.0819902266802129,0.0108502965218785,14.2970254470556,42.8316459830176,15.0676041059824,28.7023537103629,20.6785706023212,40.5746244284781,11.1894638726159,15.208523840627,0.175697494315666,29.9164961265332,0.199680054296375,29.7453792769529,1.53070458721179,9.63058475689882,1.43319744987978,0.675229057591623,3.5416067096538,7.8464534978088,7.37086471121227,18.6567164179104,3.55175298795206,-1.02342342342342,4.66589306002852,-2.39082719082719,2.37064478101525,2.83570843570844,3.23291363664509,4.12710892710893,0.0528147703703551,"Needles","California",-114.6,34.8333,152,313.515394315885
"KELP",14.9320808964329,81.142537194049,14.8165140396341,56.3370660694289,0.140647722865351,0.0327627579587266,15.3336141966631,43.8899376099824,16.8124947190657,30.4826427771557,20.4983764178648,57.5979183346677,13.3159918969023,21.3380259158535,0.163451911437045,30.023943369061,0.160083782287475,29.8002159654455,2.26183207425018,9.03279475283955,2.10402030631078,3.0172772356423,3.69919604386962,8.31179011358183,7.93126070486786,21.7848344264918,3.78751974967439,-0.753110357085151,4.41950724154854,2.09985458070771,2.57653355626946,2.8762320245597,3.08858106230482,3.79479722087575,0.0645254743972862,"El Paso","Texas",-106.483,31.7667,1137,968.732682951446
"KEUG",15.850612206115,67.8209648982209,8.56173569534225,44.8703317839397,0.217631363915201,0.0910006398976164,7.47222851554693,50.1787145375862,7.7596383374151,40.8211251803174,6.98468311852802,92.2545279692258,20.364566389549,50.0070524122455,0.168150928722583,30.1215181570949,0.199205131720042,29.9523500239962,4.0738467092023,6.12430011198208,2.61295925885944,4.67852564102564,2.9156281637386,6.9553671412574,5.32715212488231,16.4253719404895,4.40674700048411,-1.22713291241703,4.54808888899683,1.29663212435233,2.87949176002296,3.55415250121418,2.97773743721852,3.67389896373057,-0.110505900153192,"Eugene","Oregon",-123.083,44.05,131,78.3067382937818
"KEYE",19.722840151728,64.7525195968645,18.4799892256169,46.8121900495921,0.303814844080408,0.112018876979683,17.6916988694749,50.2618780995041,19.2440086327636,39.6434170532715,9.26275258266966,87.5371794871795,14.4246191935933,50.4165733482643,0.190251883038881,30.132500399936,0.198589361268963,29.9460758278675,3.79804204033921,6.21345076060849,2.75828932028605,3.42873140297552,3.1607071292467,6.80899056151016,5.87731438935259,16.676211806111,4.33519883229816,-0.697043141056713,6.18940688160405,1.05881402488286,3.05661739992896,3.15204394894167,4.28338746587981,4.59121021166586,0.0858920317059436,"Indianapolis","Indiana",-86.1667,39.7667,217,219.190550581997
"KEYW",5.85352491855672,84.1084626459766,6.56196591570936,75.1986882098864,0.354434811750363,0.0998320268756999,5.84337731469133,73.6789313709806,7.84496114320179,67.9699248120301,8.07776160051806,87.4624860022396,8.71993808528284,65.234842425212,0.0964337986181062,30.0856119020957,0.0971612185758123,29.9893920972644,3.28529463297707,8.02447608382659,1.68770373779729,2.07358822588386,3.30046752067994,9.57478803391457,4.6920169387085,17.6563749800032,1.92496828620693,-0.263693650024237,2.8366975781182,0.47067377605429,1.31842839039975,1.42704798836646,1.88556239640229,2.1707868799483,-0.0745168441325395,"Key West","Florida",-81.8,24.55,2,0.400430493737062
"KFAR",24.397019677575,57.8926680571154,21.7320758296996,36.9902133803947,0.194779613110076,0.0552430611262634,20.1395213744518,42.064334991176,22.0231766924665,30.4410396277876,9.9935148048213,86.0129953473448,17.0487826389542,49.5124338199904,0.243039506520031,30.1013203914648,0.242145876346252,29.8676881116637,3.82914507369119,6.66244184180972,2.84176394682068,3.39948660356169,4.55870073594482,11.1974971923632,7.22686667066448,22.2814054227499,5.1716708158619,-1.87039740470397,5.8422473948803,1.37578998541565,3.57173388264349,4.18150851581508,3.93497579584959,4.53184248906174,-0.400455363995945,"Fargo","North Dakota",-96.8,46.8667,275,355.106914532411
"KFAT",16.5547396280623,80.9358502639578,11.7895714899844,56.102383618621,0.141211511157478,0.0324892017277236,6.44215758001264,51.7142857142857,7.62708493531194,40.4447288433851,17.3662229004337,75.2060470324748,18.6287345116537,31.5277555591105,0.15193337857494,30.0362150055991,0.155003444415004,29.9082530795073,3.35149159256842,7.15277555591105,2.43212282777168,3.12254039353703,2.80841327599401,6.08398656215006,4.80242166326167,14.3623698959167,3.80474906983535,-0.131362094037809,3.41302379187273,-0.287168713639302,2.61590667648183,2.76571336241719,2.22745201022724,2.60164835164835,0.361388926086058,"Fresno","California",-119.8,36.7333,86,172.949434515203
"KFLG",15.2298837824239,63.8683746997598,13.3093109907209,35.0212970376301,0.216928882357306,0.0762826261008807,13.2972863000088,37.2682575272261,14.8954803537306,24.4538757206919,17.0586844707085,82.1580717488789,18.7858333565912,31.1471812940423,0.161428239292506,30.1635746316464,0.154347216388352,29.9370916079436,3.67440324191163,7.5901665598975,2.45203068118832,1.97101217168482,3.7481120604837,6.52329863891113,6.18692383893152,20.3548645616285,3.71965570785418,-0.906679605369562,4.78080808814193,1.00679391782595,2.52070373133319,2.88144913472424,3.13683110305801,3.74538984147525,0.0213725840070869,"Flagstaff","Arizona",-111.683,35.2167,2262,567.769885762675
"KFSD",22.4615916843629,60.657654775236,20.8275929550842,39.8360262358023,0.262493374556026,0.0784834426491761,19.2737712925319,46.0118381059031,20.9410808664391,34.7238841785314,8.97599389245463,89.6171812509998,16.0987606832549,52.7597184450488,0.230051697182915,30.1177891537354,0.225796054753012,29.8914957606783,3.74428549693781,6.86434170532715,2.35270404101138,4.43113101903695,4.18321504361225,10.0084786434171,6.78948483389649,21.256758918573,4.80988156350091,-0.829051543060268,5.88163733874571,1.7102924543545,3.27836269564895,3.61560833737276,3.99713553918942,4.64097592502828,-0.203355998607729,"Sioux Falls","South Dakota",-96.7333,43.55,446,504.327029960766
"KGCK",19.7628967924045,71.7308740978348,18.6022426134918,43.6279069767442,0.232745812027466,0.0643973393171983,16.8675441660488,47.2749598715891,18.8599852626566,35.4950240770466,11.05000141941,86.7115569823435,17.2317714463632,35.5858747993579,0.217756470127475,30.1085093765026,0.216400754647684,29.8631703798686,3.65552648564906,7.08623176791152,2.45010291622049,1.96361596409681,3.85865824178296,11.7693540631511,7.77494655994579,24.464337233531,5.26555689618149,-0.0680382310059938,4.93436177067692,2.59698590179874,3.64690996799417,3.79847723959177,3.67086709189274,4.19705072111489,0.116044882165443,"Garden City","Kansas",-100.883,37.9667,866,1045.4574218103
"KGEG",20.5284768064657,62.499920012798,14.8698305712945,42.6704527275636,0.114379153133657,0.0446880499120141,10.1726275585302,40.6103023516237,10.2121347637294,30.3377059670453,18.0073787599391,79.4423726089053,23.8127119805809,41.3124300111982,0.201519079637653,30.0898880179171,0.210474153681874,29.8929915213566,4.04995174708729,6.75091985282355,2.31361123659256,4.78275475923852,3.74015106924796,8.16317389217725,6.75884531783315,18.2006079027356,4.11075073008109,1.22071417030215,4.28265102390291,0.0871181509616939,2.86689113308786,3.18872192599774,2.87562741926798,3.17455956036851,0.14740290613479,"Spokane","Washington",-117.433,47.6667,580,352.603140436443
"KGJT",20.3341665681384,69.1631738921773,16.8583024585904,42.7283634618461,0.0975105927442164,0.0307798752199648,12.0007523125773,38.4464885618301,12.3649799266892,26.2242841145417,23.2307687029955,72.2383618621021,18.3573868541593,28.4917613181891,0.202969399658885,30.111289393697,0.21872387779199,29.8712557990721,2.8951249598307,8.53303471444569,2.48030398434209,2.00959846424572,2.90527918033044,7.37561990081587,7.35664338543713,19.8699408094705,4.40683649720937,0.3944094360963,4.58973538625243,1.71901761189207,3.10316519931483,3.1534981418646,3.08685650809425,3.80659234125061,-0.214329959438726,"Grand Junction","Colorado",-108.55,39.0833,1414,1027.05418818615
"KGRR",20.8778855755994,60.4551271796513,17.897833461902,42.32890737482,0.267410339351464,0.109012957926732,17.9331145363343,47.0460726283795,18.9825687329162,36.0358342665174,9.15799468342663,89.6591273660571,15.5215792875669,51.9651255799072,0.198851991088705,30.1235002399616,0.22393823903464,29.9131418972964,3.96977740005445,5.48136298192289,2.15491755871319,5.3401055831067,3.75299228859068,9.32666773316269,6.43310310645488,19.7519615692554,4.17283489669706,-0.942963322022944,5.81777077944635,1.34464372273388,2.82566311647129,3.21182743577315,3.84075104973642,4.57165939570205,-0.481791998322854,"Grand Rapids","Michigan",-85.6667,42.9667,202,2.63722958035044
"KHKS",14.2588488777948,78.4442489201728,14.6823421732001,58.3225083986562,0.42502056836976,0.139908014717645,13.9819824860755,61.167813149896,16.8872666614095,51.4712845944649,8.13746194410133,90.1652535594305,16.1404420406914,47.2879539273716,0.15523585895229,30.1199360102384,0.150242100219251,29.9757766757319,3.80261065337421,6.209726443769,2.57173834569169,2.73124300111982,2.98535441040667,5.44846930597852,5.09357409077188,13.3046962654272,4.26144501248487,-0.0615608337372758,4.65670699647276,0.603587588881706,3.05704668477136,2.96930037162708,3.37901538336205,3.26034259857789,0.260993675710385,"Jackson","Mississippi",-90.2,32.3333,95,197.989495897995
"KHLN",22.4822215817308,62.362342025276,17.4681794122594,37.1289393697008,0.0917080837295196,0.0284242521196609,13.4959337270029,36.5541513357863,13.8115564306936,25.2764357702768,13.9794918099836,75.7625979843225,16.8864726608304,33.9820828667413,0.218281427681726,30.1707390817469,0.210247357539693,29.9260566309391,3.44178035203895,7.69844824828028,2.58892766599734,2.86082226843705,3.32242929588755,6.56183010718285,7.68992354662486,19.6957286834107,5.94271741961826,-3.36516400064631,5.99786646754665,0.963160445952496,4.06659369448188,5.48634674422362,4.16554747296631,4.42123121667475,-0.125516868594679,"Helena","Montana",-112.033,46.5833,1286,768.130696587002
"KHOT",16.4616638205866,75.0395498392283,15.916155922667,55.5281350482315,0.36044400675111,0.121384516543527,15.334701596992,58.6189710610932,18.0187638659706,48.9131832797428,8.91557948784284,90.9104501607717,16.5170480603197,48.5434083601286,0.174366775241374,30.126998392283,0.168046207307145,29.9656800643087,3.87077774796875,6.48233562315996,2.76278812394002,3.02942122186495,2.38788298938866,4.55405405405405,3.92751347610777,11.6640926640927,4.45055003182497,-0.988145501786294,4.99122793677421,0.51128796491798,3.04154997246064,3.39574537187399,3.46843250499285,3.62514211466623,0.189106247628203,"Hot Springs","Arkansas",-93.05,34.5167,252,405.674563899308
"KHQM",9.74585209431751,60.0910254359302,7.97367839404493,46.9297712366021,0.407436175599332,0.196875699888018,7.84467230969893,51.6833790101564,8.98750145250195,44.459603289792,5.94268137149929,96.9298726422699,15.2995957478261,67.8279864581654,0.180856815538601,30.116091825308,0.22732857365623,29.9408046712526,2.1109656826942,2.758826374335,2.72297083771788,4.98839271320329,3.50783906279166,9.05045945510237,6.68990432491814,19.7568918265355,3.49697113513956,-0.206980126030053,3.58593569747156,0.395055744062046,2.451640373823,2.50201971239296,2.298686677,2.78025529164647,-0.257319817747787,"Hoquiam","Washington",-123.9,46.9833,3,1.11810284179061
"KHVN",18.0573765897926,62.1243789068761,17.4016799795631,45.8462894694663,0.220037815224026,0.0728450072126943,17.3505000761353,49.3739381311108,20.2506457721981,36.8948549447027,11.3319343181791,87.0147459528771,15.4575905909634,49.4560025645135,0.20421029599737,30.1247267190255,0.22415523552491,29.9163103061388,3.94043846209804,6.7448309023882,2.39456423728816,3.85526526686969,3.18117517416366,6.43548645616285,4.12772839364913,13.7512421862478,4.06478920408489,0.24769305488101,6.26021161135248,0.607414602557876,2.6561549520113,3.08661162376558,4.09085677232197,4.77707625060709,0.243651199161575,"New Haven","Connecticut",-72.9167,41.3167,10,1.2600368426202
"KHVR",23.3489344730554,61.0076787713966,18.1039483192159,34.0255959046553,0.124741998138173,0.0363181890897456,14.8071773583554,38.9783202184037,15.8782216830187,27.0277822386382,11.068339768172,86.9304375701234,20.1769848703527,39.9993582544521,0.235170317107606,30.0983218353923,0.219784390051099,29.8544120006417,3.49888223167055,7.71097894229224,2.6521577938224,2.69388413748588,4.19025613681024,10.0011230547088,7.51176099812773,22.4493823199102,5.84226030999611,-1.57876878332525,6.25491824261001,2.26846613867787,3.95887398007735,4.57699143641945,4.39306862542277,4.99676741554873,-0.293713304309241,"Havre","Montana",-109.717,48.55,828,921.091847442335
"KIDA",22.3018416264848,62.0044792833147,15.302668277989,34.4381698928172,0.0991125572258128,0.0318613021916493,12.6820309712944,39.0420732682771,13.5358984616336,26.4458486642137,10.2028732299709,87.4592865141577,22.4138421373959,38.1436570148776,0.219743071099938,30.1519692849144,0.213616054511736,29.9327371620541,3.71822715060512,7.21628539433691,2.64614964148515,3.09534474484083,4.06186995070012,8.5291953287474,7.13762954134809,20.3017117261238,4.7786363341033,-1.60009694619486,5.89904093338859,3.61619263089851,3.15973837359376,3.92551300694781,4.29013410217264,5.42840982546865,-0.0534944250532661,"Idaho Falls","Idaho",-112.017,43.5,1444,819.301285373984
"KILM",13.6999519006333,75.9396896496561,15.8830703639104,56.360742281235,0.537486260784771,0.188964965605503,14.2517551792293,61.969764837626,18.4049676516999,50.857302831547,7.27093431470797,94.0661634816123,16.8492815479892,51.5571908494641,0.171612228887756,30.1396064629659,0.181476717946449,29.9824380099184,4.05140204041035,6.10686290193569,2.65399006891026,2.89185730283155,3.21382376459718,7.50983842585186,5.42505960753619,17.9336106223004,3.99395890469156,-1.2041047188106,5.93312623819215,1.83519146873485,2.87217911688987,3.02504848093083,4.28096241145481,4.49894974955566,0.115288479754534,"Wilmington","North Carolina",-77.95,34.2333,1,0.0551584343270269
"KLBF",20.1964761609783,67.5058502965219,19.2532401594654,38.2029171341561,0.202856686398785,0.0623841961852861,17.9633613742483,45.8689921234528,19.4304977561,33.3796817231956,7.99522194333569,90.3806461983604,15.9376299818835,39.6236939398811,0.219340196262574,30.1303456036007,0.222507530439239,29.8807796174249,3.70476013851519,7.31742705142673,2.57225365303593,2.46262658736538,3.3999035237603,8.57861836832826,7.00398776156026,21.1599615322968,5.45915153437254,-1.04176784847013,5.42300906652879,2.89833252387891,3.6138654091254,4.22195240407965,3.95426971165757,4.70859640602234,-0.235259703675975,"North Platte","Nebraska",-100.767,41.1333,854,929.555586106562
"KLMT",18.5094369461339,65.3482929956724,11.4550999171034,35.9581663728162,0.101896951204899,0.0353151495760678,9.12042688582989,41.4075973713736,9.08845655601631,28.3862798525405,8.71829255370142,89.2329536338842,20.4561086294798,35.5911203718545,0.168445183508061,30.1067685170373,0.184118385291289,29.9305551111822,3.76608912762686,7.14173732202848,2.68829135473347,2.47976323788194,3.72370090939726,6.69860822268437,7.21472161394501,19.3173892177252,4.10204472589031,-0.908369758782581,5.02946533295465,1.70008097165992,2.90474604652652,3.03529221304841,3.36447754681428,4.10655870445344,-0.0825022804922881,"Klamath Falls","Oregon",-121.733,42.1667,1245,198.889103465976
"KLND",22.4433421073327,61.3072339016719,18.0560628138093,34.7521084835456,0.204259353418205,0.0493863308198299,13.4301997460417,34.29101142195,14.0090069990653,21.5755669591127,17.4628165842737,73.1688462175137,18.961111201905,32.9836119847707,0.205099061958156,30.1233306542357,0.215048114742473,29.8607056743289,3.48390202464784,7.71719681908549,2.44955010493292,1.83512663466314,2.79864745339177,6.38262018833636,9.21157483065048,20.6373698992235,5.59941510507574,-1.18966382338184,5.17740062798654,0.935338345864662,3.71589382258412,4.3540725873892,3.58406614864133,3.85129490392648,-0.0656924505824348,"Lander","Wyoming",-108.667,42.8333,1752,1099.93969572778
"KLNK",20.9601893241823,67.3537229783827,19.9384876527419,43.8906325060048,0.353849770612427,0.10373098478783,18.491984223697,49.1809447558046,20.5095485245987,38.1277822257806,9.09256956628083,87.8560448358687,15.6544161737016,45.8842273819055,0.229464386147173,30.128259407526,0.230332369996733,29.9046020816653,3.53861598185693,6.76637309847878,2.71681503924958,2.71240992794235,3.97248384968966,9.6595676541233,7.11360422716874,21.6496397117694,5.23759358036561,-1.28465146369077,5.63681512444391,1.90666450986736,3.53879253572262,4.06906032670225,3.95653373465439,4.44435457780653,-0.144571261084241,"Lincoln","Nebraska",-96.6667,40.8333,354,721.524578441157
"KLUK",18.9107871354108,66.4059247397918,17.1342118290873,46.0768614891914,0.294080617823946,0.114864691753403,17.5637279494691,53.4646917534027,19.2672171686874,42.0715772618094,7.86054528093336,95.6116893514812,14.1434771429404,52.4928742994395,0.188550607018949,30.1559135308247,0.194498035043839,29.971095276221,3.81512250397614,4.17966373098479,2.61215785320815,3.51849479583667,3.56519176268562,5.03362690152122,5.69519325690685,13.8770216172938,4.53865508562289,-0.4318990617923,6.7071760534463,2.66035904900534,3.17520870938415,3.27143319314138,4.54687380183166,5.60229661976387,0.131097202511858,"Cincinnati","Ohio",-84.5,39.1333,253,284.966853343182
"KLWS",20.0940570378119,67.5632559264635,13.3952590185564,45.6486453797775,0.0986722608602861,0.0376889130697618,9.51754478276521,43.0948922778988,9.15656724601927,33.3456790123457,17.2001912649196,76.7735894941634,19.7717653155722,38.0175502299685,0.200501138483464,30.0993914095584,0.214121413128572,29.8997096188748,3.48053426152375,7.90671506352087,2.8579742046986,2.90441621294616,2.73807613350085,5.47527505742957,6.42179572842764,15.8792165397171,4.46154016291004,0.341517039208501,4.396087047997,1.40581480576594,3.03354203331893,3.28911689263466,3.00999120662814,3.49865624236501,0.0415107153269086,"Lewiston","Idaho",-117.033,46.4,245,385.420438563359
"KMDW",20.7459445796753,62.8654615261558,19.0195553490583,47.0383938569829,0.294101501160403,0.101747720364742,18.4595769476071,47.7729963205887,19.7705022566874,36.4992801151816,10.8356247060683,81.2581986882099,15.6292553773561,40.7525195968645,0.210122148720259,30.1242473204287,0.222715223101574,29.9157302831547,3.82699245358567,6.65493521036634,2.17609423229389,5.25915853463446,3.54448040488102,9.89793633018717,5.8651672569917,19.9828827387618,5.19742957348115,-3.72564226854096,4.78656869457495,0.508967523024721,4.11841302724514,4.89190499272904,3.21826096585558,3.57925351429956,-0.431026441022612,"Chicago","Illinois",-87.6167,41.8333,181,0.914894081972112
"KMEM",16.6970421193909,75.2703567429211,16.2873096326431,56.7157254839226,0.429574386178457,0.144472084466485,15.9839027615286,57.8749000159974,18.2745444381876,48.1847704367301,10.6009599405966,84.3789793633019,14.6578070600602,47.3274676051832,0.173144110778,30.1313901775716,0.167613161245614,29.9751271796513,3.5434120991089,7.45768677011678,2.5174181429677,4.37865941449368,3.15523423148126,7.54167333226684,5.88300168568619,17.7510798272276,4.1567737665416,-1.30796574567782,4.52268580572624,0.015026660203587,2.87554939402639,3.27403457747617,3.14047582027909,3.25432218452092,0.190440512138702,"Memphis","Tennessee",-90.05,35.15,80,482.423880785484
"KMHT",20.5336402752441,61.659414493681,18.3010109631036,42.4874420092785,0.243164105046454,0.0883178691409374,18.1763336663671,44.4167333226684,20.4376514658708,31.7126859702448,12.3210269991016,82.9382498800192,16.6972630696458,41.9788833786594,0.221079229910764,30.1410382338826,0.242493461034925,29.9031482962726,4.09018423981873,6.66133418653015,2.25420948448364,4.76579747240442,3.02553595839585,6.15661494160934,5.49736377303226,16.6856502959526,4.5165882307771,-1.42090806269187,5.94682929817787,0.0353853611245759,3.16992078644203,3.51688479560511,3.94138371203926,4.45290030699628,0.0923269587843863,"Manchester","New Hampshire",-71.5,43,52,40.7872051209432
"KMIA",6.12481571879397,85.6160614301712,7.25947239229503,72.2017277235642,0.466291427517963,0.18072148456247,6.99380709213353,70.924492081267,9.58365179482874,63.7222844344905,8.45217157152622,85.4410494320909,10.1454194595511,54.0079987202048,0.102313905126385,30.0973332266837,0.106588598101489,29.997771556551,3.34058008961713,7.50215965445529,1.79733064303971,4.71268597024476,2.98664990549189,7.68165093585026,3.99392636311099,17.6539753639418,2.45579246143369,-3.08305057359832,3.38484956056009,1.45733678086619,1.91980099973228,3.44239780255292,2.53993967466793,2.67000646412411,-0.15701598119054,"Miami","Florida",-80.2,25.7667,5,0.286680933424831
"KMKC",19.3200021465951,69.6298015364917,18.8068542208145,51.2469590268886,0.377796472919703,0.105277555591105,18.0728450350272,52.3967669654289,20.0607141176962,41.8674775928297,11.1378985061635,83.4238156209987,14.5700225459857,45.7772087067862,0.215197147215229,30.1178883378659,0.212980071493329,29.9146696528555,3.51359780488241,7.40025595904655,2.69769684854954,2.70548712206047,3.42644815499762,7.55703087505999,5.2355864722003,15.2294032954727,4.73234060717668,-1.45392822502425,5.04242687470951,-0.238965238480194,3.24777003924303,3.73617846750727,3.43318803457618,3.70056588520614,0.116750367893923,"Kansas City","Missouri",-94.5833,39.1,271,612.002281650456
"KMKE",20.6180529115788,58.9248120300752,18.7217931560885,43.1940489521677,0.233963160037385,0.0859734442489202,18.8543789724661,45.8222684370501,20.1733688739121,34.68788993761,10.5143410531119,84.0668693009118,14.599447109225,52.0174372100464,0.20609818926575,30.1227595584706,0.230607737605955,29.9101983682611,3.88950410572477,6.28267477203647,2.12233434112326,4.94768836986082,3.50162458445264,9.5224764037754,5.56863411438173,19.6486962086066,4.69304845330728,-2.0541282921312,4.86746749955549,0.666289592760181,3.39960296183209,3.83212150589756,3.29761982783356,3.64140271493213,-0.0488016407946827,"Milwaukee","Wisconsin",-87.9167,43.0333,179,0.0190688621303892
"KMLF",21.1249486617943,70.325884244373,17.0464293957293,40.0731511254019,0.0776232726988528,0.0226052039832959,11.2211423552474,36.4499033505155,11.9938270010544,23.5663659793814,20.7502057719202,69.8327963917526,18.1043354370884,19.3890141752577,0.210736926840017,30.1131256023129,0.206872564771232,29.8834404111789,3.16058941877579,8.46659171217475,2.32473958451774,1.68968840346932,4.22983838554165,10.366077170418,7.3201343470138,21.0331189710611,5.67715327800247,-3.09806786816042,6.9328748520159,-1.32115603182335,4.12789154747187,4.97856794934243,4.61264430913226,5.34128917031986,-0.0132938192412468,"Richfield","Utah",-112.083,38.7667,1621,771.255989802262
"KMPV",21.1490256026553,55.2015677491601,19.3399503357419,34.8803391457367,0.260097623164972,0.10944648856183,18.6723644691298,42.6776515757479,21.1144672537579,30.2174052151656,8.8380346820135,93.2252439609662,16.1778505150849,51.7673972164454,0.218643241295051,30.1560774276116,0.241062125766955,29.9171332586786,4.10601326398395,3.92401215805471,2.51745233611238,4.70036794112942,3.02690364971983,5.77107662773956,5.19261830640572,16.3733802591585,4.63826430382686,0.460332848602359,7.23229175423917,3.16566995312753,3.14326158153999,3.4414283406043,5.36909483784395,5.78761920155164,-0.189395993970375,"Montpelier","Vermont",-72.5333,44.25,256,176.937959343706
"KMSP",23.0415940671375,58.79888,21.2032619313785,42.004,0.269986113783842,0.0946696,20.0078969725507,43.65808,21.4210496666389,33.14272,10.4347027405387,83.48,15.3628398493937,49.03024,0.227104596984551,30.1077104,0.23167841131716,29.8939056,3.5442550188978,6.6432,2.40296221418158,4.88144,3.48157978941354,9.40544,6.00955603450014,19.64048,4.39715352787449,-1.1500889535824,4.85194516168955,0.0797605565442485,3.04079444480588,3.37781012453502,3.31628780994334,3.54230707005339,-0.0434382023795852,"Minneapolis","Minnesota",-93.2333,44.9833,254,207.837073972162
"KMXF",13.624298151611,78.5291472619239,14.6789796541699,57.3056046250201,0.468702078340263,0.148750602216155,13.7742848485725,62.5474546330496,17.1469139820634,51.914726192388,7.32258880158751,95.3001445318773,15.4389445367275,46.8336277501204,0.150856687650873,30.1421952786253,0.152155813012044,30.0016781756865,4.20170699534857,5.59209892404047,2.45224433545024,2.7400032118195,2.51070815787063,4.50554038863016,4.83900405411647,12.1573791552915,3.79638982479878,0.233414436334144,4.4553503756253,1.33544201135442,2.703171161304,2.67558799675588,3.30593075146048,3.27153284671533,0.2514691901636,"Montgomery","Alabama",-86.3,32.35,74,200.965652268175
"KNEW",11.5392944746758,80.9934410494321,12.5527441327846,64.8421052631579,0.553487572067531,0.197303631418973,11.0847142086094,67.1102223644217,13.7795332295051,58.1548552231643,9.26736049748285,88.19804831227,14.1542052463505,52.4018557030875,0.144902249429116,30.1069812829947,0.141967688506037,29.978165093585,3.87850669955913,6.29019356902895,2.39301280129406,2.63973764197728,3.14334924144413,7.84562470004799,5.64418687535437,18.6235802271637,3.64018050099027,-1.66795928259816,4.24877454470723,1.25125222168363,2.60989079158848,3.03651640006463,3.04660036281365,3.214735821619,-0.155947854685353,"New Orleans","Louisiana",-90.0667,29.95,2,0.420143844433442
"KNIP",11.2209758442025,83.0891057430811,11.9971470399451,66.8820988641817,0.322343509160548,0.101038233882579,10.8135557484637,66.0953447448408,14.3091354432495,56.3717805151176,8.69592715085389,84.1161414173732,13.5254755004176,45.6654935210366,0.136929307456226,30.1208078707407,0.145797897192613,29.9946296592545,3.64711387133244,6.97808350663894,2.09086321890266,4.27531594944809,3.05720029429177,8.02015677491601,4.99713367081692,16.3525835866261,3.53847908580827,-2.30376474390047,4.34856418759417,-2.49587978671837,2.5977710323399,3.32848602359024,3.07582532604215,3.95944417514946,0.238167620944857,"Jacksonville","Florida",-81.6667,30.3667,10,1.57871516998541
"KNYC",18.4864930783389,65.1997114922263,17.2295910354656,50.7273601538708,0.325775258870596,0.12248036544318,17.8643453075335,48.3950953678474,20.0660404155878,35.857669498317,15.2126017391869,75.6967462734413,14.846866671181,42.3806699791633,0.198937574659166,30.1295150636378,0.216431034822805,29.9232930562268,3.778273529051,6.54615881213686,2.73211876605194,3.2427027898726,2.40470087857567,5.28366392517336,3.86778599553565,13.8234059725585,4.31483348973612,-1.19815444390481,4.98858527703243,-0.0918069948186528,2.98557897290701,3.33738060547191,3.25901466398989,3.7776878238342,0.21329184848465,"New York","New York",-73.9667,40.7833,35,1.53415557125812
"KOFP",17.3012840194824,70.3303414008655,17.11271152836,49.6483410803013,0.33350446693521,0.124220227600577,17.3369614245623,53.8631190895977,20.1560108282396,42.582144574451,10.3134440101088,89.9435807020356,16.4758253190797,45.9120051290271,0.189772067155128,30.158813912486,0.197237416757046,29.9722215098573,3.79418610716235,5.27055617887482,2.68739775404957,2.93123898060587,2.96783369295059,4.19794838916493,5.08749857969463,11.4200993748998,4.50509895507245,0.462435233160622,6.02753952589134,2.74226971021531,3.15399622745601,3.24967616580311,4.35041439504119,4.99222923749393,0.183843754182803,"Richmond","Virginia",-77.4833,37.55,65,4.10974900900315
"KOLS",12.0695695857641,81.3215485522316,12.9600221574235,51.3888977763558,0.192706522270223,0.0515709486482163,15.7764271683841,44.8846584546473,18.025048677616,32.2791553351464,20.3918616782178,69.3442649176132,13.773132180183,22.0931051031835,0.114406711948739,30.0295264757639,0.106545178402373,29.8418189089746,2.75848535478577,8.81314989601664,1.85484886438503,1.25675891857303,2.32447159806861,5.07276807180638,5.50538466617315,14.8055778169578,3.42933175009836,0.758765551785426,4.10245651687098,0.702698335756988,2.4530538282244,2.51349167878494,2.60142681273968,3.24882856681209,0.24938996748527,"Nogales","Arizona",-110.933,31.35,1175,597.994858296671
"KOSU",19.8816194557469,64.0683678382282,18.0237924869433,45.6228534745627,0.247722659138977,0.0956444373196537,17.6057709556199,50.3901460439737,19.3122667292807,39.4084416626545,9.03463906739477,90.5857807735516,14.037387482936,51.6849622853475,0.187423680295742,30.1390556357223,0.199011827220349,29.9488183421517,3.77338446949649,5.70354337021004,2.65507121007044,3.70851370851371,3.52576684762165,7.56116722783389,5.64356194049442,15.4380311046978,4.58255560113591,-0.1027386161076,6.15564012187177,1.68768233387358,3.18907708204062,3.29217306757414,4.21028046342035,4.7969205834684,0.0835657168712644,"Columbus","Ohio",-83.0167,40,226,156.567293421286
"KP68",20.1876763302321,67.0963971176942,15.1786096395345,34.053162530024,0.103754222591704,0.0305252201761409,10.5379392521256,32.6163330664532,11.2779274396728,19.244835868695,19.3588452066072,69.9974379503603,18.0248559648504,25.4947958366693,0.202662084220919,30.1026648395937,0.208904183774148,29.8866774141544,0,1,NA,NA,2.62199425761256,7.04083266613291,6.91329265179862,19.9223378702962,5.3776811775879,-5.29985443959243,6.52641333027957,6.93336568009057,3.96202709489588,6.42713892932234,5.38319876930357,7.8539543910723,0.0937658657343754,"Austin","Nevada",-117.067,39.4833,2112,389.497247383723
"KPHL",18.7274918332152,67.620860662294,17.3174157365917,50.6539753639418,0.331718776391663,0.116618940969445,17.5826220979701,50.7101263797792,20.1403361540947,38.2342025275956,12.7626716512892,80.2533653846154,15.2293398265766,42.3234682450808,0.197352851358195,30.1422188449848,0.210111925757927,29.9428763397856,3.65805932465787,7.05551111822108,2.17381171080279,5.0995040793473,3.70229854712918,9.19020956646937,6.5486661556269,19.6482162853943,4.33935018881099,-1.03166909032154,5.41223924449954,-0.394149967679379,3.05613815026655,3.24850541282921,3.49590561263611,4.15012928248222,0.0991469321280726,"Philadelphia","Pennsylvania",-75.1667,39.95,17,1.22149103652045
"KPHX",15.3075954848067,89.8900975843865,14.682979256269,66.9281714925612,0.140229014118248,0.0234810430331147,12.939146172859,48.8816189409694,14.7600745296757,35.258358662614,20.5600424656927,50.6840839878186,11.5315621002917,18.6624540073588,0.135111185696818,29.9460214365701,0.142144590077294,29.7869876819709,2.0654837340224,9.31546952487602,2.18115415490249,3.00255959046553,2.18757283015173,6.56390977443609,6.6760104082955,17.7039231385108,3.13529141969259,-0.920988851187591,3.86909565746559,-2.27973497091144,2.10385068958206,2.50024236548715,2.63730327736355,3.63461538461538,0.116784485849274,"Phoenix","Arizona",-112.067,33.4833,336,479.027212928451
"KPIR",23.8287689894663,63.1502159654455,20.2498031046792,38.2206047032475,0.186508809381658,0.0500047992321229,18.210382427843,43.4965605503119,19.3247399536479,31.800351943689,10.4223690351374,87.4837625979843,18.3258187547382,43.5026395776676,0.237418951795286,30.0961014237722,0.238082454893483,29.8453415453527,3.73305365255689,7.32442809150536,2.63206952035967,2.56934890417533,4.48948523378502,11.3679411294193,8.08035746994558,23.7368421052632,5.34891355612293,0.105509775407982,5.46734352168133,2.96153846153846,3.61806225651479,3.94070124414283,4.0825145704211,4.68972204266322,-0.138015800872975,"Pierre","South Dakota",-100.35,44.3667,448,691.379844866448
"KPVD",18.6844344916627,63.2295632698768,17.5119782668535,44.7526795712686,0.310633852880061,0.116546952487602,17.7767502672898,48.4101743721005,20.7309701455068,35.5952647576388,12.2721208307631,86.8513837785954,17.0960775753576,46.3013917773156,0.209410310755034,30.1229435290354,0.233669499241343,29.9060358342665,3.93010017811434,6.645976643737,2.27846630069673,4.54807230843065,3.28517079185526,8.84466485362342,5.43148729341467,19.5608702607583,4.20680715539537,-1.70528356761997,5.80169306791085,1.18161253837454,2.93461222052462,3.46291808046534,4.04534211829046,4.3229924058814,0.0744697360752948,"Providence","Rhode Island",-71.4,41.8333,48,1.25936498287597
"KPVU",20.6895183068841,66.4180709356444,15.6681940339018,42.2877547745145,0.0704955448873508,0.0184582063211936,11.8914209928173,42.7440218263521,11.5581606685348,29.4387148594378,14.9860201652751,76.2261274273792,17.6439886402228,33.6366554325148,0.171904622048928,30.1685993903417,0.201367119057765,29.9660308037863,3.28985546852765,7.59842772340767,2.14122600544845,2.35249718965794,3.25697662955486,5.64543558479063,6.67026983384312,15.1675815305134,4.89461177844664,2.49619063057222,5.18033477173196,2.10359922178988,3.49833059710146,4.23650510617604,3.46964684906672,4.38407911802853,0.0461471116091503,"Provo","Utah",-111.6608,40.2444,1394,859.009131928581
"KPWM",18.9842251010561,58.7077267637178,17.9026156720948,39.8601823708207,0.410527418917337,0.128227483602624,18.0912579554462,44.7069268916973,20.9151930776401,32.5160774276116,12.1438550172197,88.169412893937,17.5383919857964,48.9123340265558,0.225385504282936,30.1082754759239,0.251093379610603,29.8753559430491,4.24581168424869,6.19420892657175,2.45821256138693,4.27051671732523,3.13091194460388,7.51975683890578,5.65093766581791,17.8579427291633,4.6575520913108,-2.14493456131847,6.02719292003443,2.6721602843755,3.25209664403142,3.96429148489255,4.46790476838974,4.84795605105833,0.0126833246400024,"Portland","Maine",-70.25,43.6667,45,0.678320907484571
"KRDU",16.0339015578908,73.5869460886258,16.2325973216079,52.8358662613982,0.420922964523997,0.148776195808671,16.6021458312053,56.3738601823708,19.996879002685,45.3252279635258,11.4380559470443,89.144391025641,16.774610525776,45.934570468725,0.178070293799484,30.1496992481203,0.183787695425786,29.9781970884658,3.84300203269011,6.47288433850584,2.24150930708846,4.71924492081267,2.8636814026375,5.7973124300112,5.21557250830105,15.8192289233723,4.12965492181045,-0.824499030381383,5.51937991288775,1.19631604459525,2.84942065192023,3.10051712992889,3.77911201944141,4.19647762158669,0.0904996752703807,"Raleigh","North Carolina",-78.65,35.7667,94,143.73916848449
"KRNO",18.2597176750592,72.4672852343625,13.6682097639265,44.6715725483923,0.108244835652186,0.0272580387138058,8.77864188135471,37.0447928331467,9.40475628570316,24.3239481682931,18.366927009741,65.209726443769,14.6219576969603,22.62422012478,0.169330120360124,30.0839145736682,0.183483749103975,29.8960870260758,2.24236284410442,9.13373860182371,2.25143829817615,3.56406974884019,3.74356003906942,6.33914573668213,8.19818616723058,20.3164293713006,4.27821979341752,-2.35773145904023,4.30924574987414,0.298642533936652,3.11362702897313,3.76377443851995,2.73609037177312,3.34227537168714,0.0547927735827652,"Reno","Nevada",-119.817,39.5,1392,172.201162555786
"KROA",17.0316680987942,69.5127179651256,16.0763835350737,49.7515597504399,0.336182124552066,0.130571908494641,17.394312073675,51.4757638777796,20.1729854893774,40.8549032154855,15.2006815834522,84.8646616541353,17.1208299435374,44.3666613341865,0.176252457117334,30.1680003199488,0.183763352637343,29.9896336586146,3.71509425505574,7.29499280115182,2.45547969144882,4.16797312430011,3.49787671866145,6.48664213725804,6.85184965808519,18.2226843705007,4.57910707535825,-0.567135239941832,5.51320213798059,0.865061409179056,3.08420582945146,3.43157214412668,3.6936062307688,4.18309631544926,0.0391186996462332,"Roanoke","Virginia",-79.95,37.2833,304,222.483013795074
"KSAC",14.8045532420391,77.614200993749,8.8505428661836,51.8142330501683,0.225208732108754,0.0560570604263504,6.0041757267149,52.9280333386761,7.91574199907633,43.3888443660843,10.9170132889465,87.0902388203238,19.3499058148396,38.7068440455201,0.149959025480969,30.0381022599776,0.154055692408738,29.9094101618849,3.84303888673899,7.2803333867607,2.31716784573121,1.35887161404071,2.98175380519551,5.08382753646418,4.8721235686533,14.3103946102021,4.16901374010846,0.226161567103772,3.74664171750411,1.62694300518135,2.74235740302682,3.14796826938643,2.5352895380787,3.20239637305699,0.1496304045225,"Sacramento","California",-121.5,38.5833,9,0.525789229600531
"KSAF",17.3324709296001,69.2987990392314,14.6317682663066,41.1521216973579,0.115883557358121,0.0285444355484388,13.9196049794795,37.9351481184948,14.225148596568,24.5614091273018,17.6766599728209,75.2198558847078,14.4144003798519,24.8589271417134,0.181830014729133,30.1355980784628,0.174794303724178,29.8646677341873,3.13590955617873,8.3449159327462,2.15536210024406,1.81104883907126,2.70673265148621,8.51385108086469,5.43437120998487,19.355164131305,4.31689369098902,-4.26436781609195,4.46803858406183,1.40465793304221,3.12481781921165,5.20139226161567,2.98089844928379,3.61232411450752,0.197432404283213,"Santa Fe","New Mexico",-105.95,35.6833,2120,1080.73903876689
"KSAN",7.16185500316716,73.9183622828784,7.23907070712574,62.1004962779156,0.128975939761607,0.0208473945409429,7.40341317632529,58.5736972704715,12.1645610272961,50.1771712158809,11.4164059835494,78.8007444168734,15.4991094851765,50.5191066997519,0.105022166591012,30.0271637717122,0.10049764803231,29.9326451612903,3.07300980699996,7.64615384615385,2.08761905680831,4.39975186104218,2.08579226712213,5.53598014888337,3.28037966372461,13.9191066997519,3.43048781705241,-1.63470081003397,2.69954906990781,-0.794272795779955,2.47997653489918,2.87901750718579,1.80956998455404,2.15473499120824,-0.000447580319547392,"San Diego","California",-117.15,32.72,40,1.98890722886251
"KSDF",18.5230911040072,70.4618461046233,17.6186650739766,51.8803391457367,0.382150526427093,0.14098944168933,17.3621704663291,52.8081906894897,19.4793704133508,42.1906894896817,10.7944119758042,82.9708566853483,14.457552309689,44.7034074548072,0.18443087269769,30.1401455767077,0.18678343126083,29.9639001759718,3.34698201850844,5.97568389057751,2.32886959038692,5.09982402815549,3.32112333910721,7.90673492241241,6.54529943889818,18.5970244760838,4.25941499863396,-1.86640789260877,5.75174657961915,-0.442882533527226,3.05857039714914,3.50283034125829,3.75963700563019,4.37502019712393,0.0943032443935395,"Louisville","Kentucky",-85.7667,38.25,139,390.70887161336
"KSFO",7.84917850312325,68.3621820508719,5.37041705636098,53.7324891809585,0.230491051340481,0.0559854423292273,5.3489266276356,54.4106542953128,7.16408634260504,47.0683090705487,7.71611082671792,88.3685810270357,12.8976045827806,54.5087186050232,0.130963681200679,30.0653319468885,0.136185138516094,29.9546152615581,2.78369990494203,8.26283794592865,2.22874965754215,3.76499760038394,4.42506143272731,10.4428091505359,6.66891930501851,23.1708526635738,4.76114353660794,-4.04475682662789,2.92361079017758,-0.24449481865285,4.04115029203095,4.76409759250283,1.84874220704424,2.27784974093264,0.155437308074417,"San Francisco","California",-122.433,37.7833,38,2.50568840698598
"KSGF",17.8361571515753,70.3900175971845,17.7252014929796,49.6031035034394,0.370775909562396,0.124695248760198,17.0925210062677,53.3634618461046,19.3882756676364,42.961446168613,9.67416694125965,87.34944,15.2740851659919,47.3183490641497,0.187006631579416,30.1240265557511,0.189086351517467,29.9382338825788,3.7778569018369,6.74180131179011,2.70642695502796,2.93760998240282,3.7363165385973,9.53191489361702,6.30137446898439,19.909454487282,4.40294655224517,-1.1184359347229,5.01018066609985,0.942469295410472,3.09586541533715,3.32428502181289,3.49207034575613,3.71396250808016,-0.205505280373831,"Springfield","Missouri",-93.2833,37.2167,390,653.355720333835
"KSGU",18.5881834847533,79.8578897338403,15.9784359051812,55.2770912547529,0.0926100503828579,0.0167134030418251,12.3653663080942,40.7169676806084,12.4498316467429,29.7378802281369,21.3178491268409,53.5615494296578,13.4617979983444,22.0625,0.162418102547195,30.0807319391635,0.16910004096434,29.9020437262357,2.02494362323356,9.18346007604563,1.85471776795254,0.981657932348737,3.03303392656968,5.85907794676806,7.44677673455662,17.048716730038,3.87169179845687,1.35390156062425,4.35986980442456,-0.500840336134454,2.82827039382453,2.97022809123649,2.75860045272738,3.41272509003601,0.0854439595835024,"St George","Utah",-113.5781,37.0953,801,547.075437230717
"KSKF",13.5382183584069,81.8680544435548,13.5868364265694,61.3724579663731,0.4158294544371,0.104299439551641,12.4610155082372,64.4459567654123,14.7416622878012,53.7807846277022,8.94374002652538,91.7942353883107,16.150863880613,45.1881505204163,0.16255530871775,30.0789783827062,0.157441273498603,29.91148438751,3.66934673406145,7.0044835868695,2.42143354434426,3.78254603682946,3.07526437513113,7.41216973578863,5.19959830503739,16.2365092073659,3.81583791726277,0.499272197962154,4.69165342586427,1.42163998059195,2.75520604040143,2.68655992236778,3.49877494388183,3.43360828076985,0.209953495004668,"San Antonio","Texas",-98.55,29.3833,206,166.346287835966
"KSLC",20.7898938185988,69.2321514519493,17.1295663371528,48.2167495587999,0.123951450935292,0.033929889298893,10.7170662430673,41.5275148403658,10.3101605589605,28.8994063853682,20.3341001044069,68.8204716829777,18.0612699285266,30.6152735440398,0.20656473227422,30.0812321514519,0.225749827878496,29.8696037221242,3.11951433891917,8.11407027113749,2.22671869324023,4.00192523664367,3.66122187275233,8.16797689716028,6.7699250069931,18.5308840044922,4.49055437776726,-1.60200939880084,5.22858613238023,1.14616755793226,3.09585633342698,3.62566844919786,3.42261241144744,4.11521633446767,-0.0773325587912921,"Salt Lake City","Utah",-111.9,40.7667,1302,850.669890592855
"KSMN",22.9789429936667,58.5162823446576,16.517055049384,32.8144692835768,0.0817541718932911,0.0255667945587722,14.0506361461546,37.4789649709558,15.3204797411487,24.1124801971484,10.6003458808906,88.2455553599718,19.0885732082377,36.7579651469812,0.185460849587853,30.1377507864383,0.20181244183058,29.9256291506466,3.44618626539701,6.92691435548578,2.74090429354053,3.13104661389622,2.28265043548692,2.84148898986368,6.90759897541103,12.9395316322964,5.95990228899625,0.722902252971439,6.56061724950287,0.583215046132008,4.15623700062948,4.33191413872627,4.42942906756626,4.87420156139106,-0.0117986106364121,"Salmon","Idaho",-113.9,45.1833,1219,627.38137017661
"KSPI",20.2887123906059,67.0937450007999,18.7887943963422,46.8937769956807,0.349912796773288,0.113514637657975,18.2216319906976,52.0169572868341,20.0705769524278,41.0652695568709,8.89478948454679,88.6840505519117,14.9666605153348,51.1327787553991,0.201898195272269,30.1372004479283,0.206640927096352,29.9433450647896,3.91256826239936,6.23452247640378,2.69137814403508,3.06574948008319,3.97573813033643,8.70084786434171,6.6291064248269,19.1586946088626,4.58090313468363,-1.79431248990144,5.40563788066325,1.14107950872657,3.19718208919851,3.73905315883018,3.60410910202189,4.18697478991597,-0.297839651873466,"Springfield","Illinois",-89.6333,39.8,185,229.99672979778
"KSVN",12.1911464642691,78.7713965765478,13.8338889472287,59.7872340425532,0.585192051604085,0.152633178691409,13.2537541672718,66.4858422652376,16.4526363988537,56.3466645336746,6.40218996686138,96.9182530795073,16.1551561202273,56.2909934410494,0.152762674032329,30.1211854103343,0.162603092010192,29.9843625019997,4.01984744201156,6.35146376579747,2.11663812544501,2.21724524076148,2.811323174934,5.53495440729483,5.03494347589634,13.8784194528875,3.48078162097692,-0.240627020038785,5.04490009814466,1.5723057036678,2.39300249796339,2.53894634776988,3.60966922871151,3.85894328647601,0.118042805014632,"Savannah","Georgia",-81.0833,32.0833,10,0.151308018400812
"KSYR",21.0348275888092,59.9540873460246,18.9380292915458,41.0876659734442,0.278684521414024,0.11847384418493,17.7328277048488,46.9048152295633,19.7500097919701,35.1490961446169,8.81794351891276,92.1398176291793,15.3261644873966,51.1052631578947,0.207529615025861,30.1054887218045,0.226811673440955,29.8869748840186,3.90939726204534,6.0171172612382,1.9633384670836,5.94048952167653,3.80554464180841,8.30603103503439,6.57596794798613,19.1489191353082,4.3973839709552,-1.36548715462918,6.68975581372586,2.58548804137039,3.13284114608091,3.37421231216675,4.96523321626811,5.17501616031028,-0.127753702640683,"Syracuse","New York",-76.1333,43.0333,177,52.875067444161
"KTAD",18.3940012373396,69.633965375103,16.3421451257501,40.0352844187964,0.147111590801518,0.041035449299258,14.3128919386663,38.0664468260511,15.6320025139489,24.6206100577082,17.0745923600372,73.6186314921682,16.8046895203092,26.0314921681781,0.204211515437501,30.1218911788953,0.202116300747079,29.8297625721352,3.71262630718562,7.54761511800627,2.34009473974217,1.77823577906018,3.10996949918919,9.75993404781533,7.40240119802125,23.720197856554,5.55853430298415,-2.15292353823088,5.32488540757102,0.678660669665167,3.62332004668098,4.73296684990838,3.74642019450939,3.84407796101949,-0.0849001821456836,"Trinidad","Colorado",-104.5,37.1667,1866,1170.62065013711
"KTIK",17.2201895606361,73.8526635738282,16.5014018052696,53.486642137258,0.342007840145288,0.0987553991361382,16.2859760138606,55.4919212925932,18.5707763288735,45.140937450008,11.3553109485439,85.8318669012958,16.3334495083784,44.6558950567909,0.200168285546122,30.1158374660054,0.192120667568731,29.9227099664054,3.60387556546357,7.37210046392577,2.61869353332317,2.35194368900976,4.18419120144364,10.4365701487762,6.43676647315865,18.32890737482,4.73117304965685,0.353368880271449,4.77449029152372,1.06463079657457,3.27366385255393,3.43367264501535,3.37237743533,3.54322184520924,0.235901675962242,"Oklahoma City","Oklahoma",-97.4667,35.4333,373,661.030704214165
"KTPA",8.28340582077694,83.8413053911374,10.0622381898471,68.0473524236122,0.45733409440261,0.163052311630139,9.12819156011829,68.2054071348584,12.6298577089958,59.6445368741001,7.6056796936647,86.7179651255799,12.9833816387641,51.226523756199,0.121557225003567,30.1182562789954,0.122196052830963,30.0045176771717,3.54150096294618,7.21836506159015,2.0988656884259,4.18253079507279,2.23673227611084,6.50535914253719,4.25830624935101,16.0796672532395,2.57685872490922,-0.675068670221361,3.69382564445867,-0.502019712392955,1.77068433892837,1.98998222653094,2.5215515453037,2.7453546614962,0.205388457143195,"Tampa","Florida",-82.45,27.95,5,0.559941605361346
"KTYS",16.8279794112261,72.0722872255169,16.0172731805787,51.9713095047283,0.326698376490955,0.131151626863279,15.6854132016636,54.9009456643693,18.1571790377951,44.6746273441257,10.1939336221503,89.1509857348934,15.3446764450141,45.9948709729123,0.161378639610018,30.142737618208,0.167612979431776,29.9808527007533,3.82524338786084,6.20900785382273,2.30553689592117,4.97195063311428,3.18687838637688,6.14745952877064,6.90226177402415,16.8363519794839,4.13357843801252,-0.706815606281366,5.60869152780454,0.684585492227979,2.84032020222106,3.08499271491015,3.81557758303631,4.16709844559585,0.108000035647287,"Knoxville","Tennessee",-83.9333,35.95,277,317.947695824963
"KVGT",17.8440263381292,83.3396256598944,15.4205167269265,61.2911534154535,0.0706440245895318,0.00904415293553031,12.4975107638903,39.0427131658935,13.7058031145736,25.3444676409186,20.0137835658024,42.8603423452248,11.69367834664,16.4517677171653,0.183279705856342,30.0348680211166,0.185719880331665,29.8657654775236,1.44391373443859,9.63397856342985,1.46875162712599,0.629019356902896,3.79645381098648,7.51335786274196,7.78676083696596,18.3732202847544,3.45480040335108,-0.182097269348845,3.90378777442752,1.83890773953789,2.38365101984654,2.50719017611892,2.64366062130061,3.41040555824851,0.050601055799098,"Las Vegas","Nevada",-115.2,36.1667,663,371.790750104688
"KVUO",15.5435642265788,66.4021756518957,10.3323736460106,47.2478003519437,0.232234322293514,0.100977443609023,8.82323390893283,49.3914573668213,9.86126252218421,41.1783714605663,9.69588652627057,88.8715405535114,18.6710006470134,49.4056950887858,0.173483438859364,30.1160678291473,0.205007651712316,29.9394720844665,3.74889001924467,6.8315435165892,2.96767966134966,4.00879859222524,2.33178840765013,4.81746920492721,4.03081896072758,13.3800991841305,4.25766007607977,-0.558571659395702,4.45041522447025,1.89059469941823,2.8225813531805,3.23590240749717,3.10395783026793,3.70733678086619,-0.115155507303449,"Portland","Oregon",-122.683,45.5167,36,4.50588443268381
"PAMR",18.1267116970611,47.7725446069764,17.8563183171931,34.2541392059155,0.124962668357842,0.0401511011091464,15.4703446808105,35.1398488988909,17.1209841185509,26.7881369554734,9.85026929627288,84.950811766597,16.5351055269455,54.5656646841344,0.326118207599854,29.8800385790066,0.3652359387883,29.6888072657129,3.49433887672447,7.74602153994535,2.57269507954529,4.70069120720141,1.92957885389879,3.39205915447677,3.51948780244679,9.13663398167497,4.4670623713079,-1.21026140607241,4.80449186365057,0.516092327698309,2.90826062438934,3.59993505439195,3.28473800925425,3.54372561768531,-0.211763900342853,"Anchorage","Alaska",-149.9,61.2167,27,0.428726565971675
"PHNL",3.76820763274588,84.8808181671767,4.38782016848263,72.2082863130743,0.251850770269191,0.03734417780641,4.00479717487121,68.3161539700435,4.41236793605201,62.9592132838949,8.34769151580934,81.2277339346111,9.10243736485134,50.6108874214849,0.0719668929450086,30.0447044612659,0.0748705502398586,29.952177484297,2.37218805510453,8.77516508294411,1.19871230449423,3.68819455628926,3.42425175847716,9.44564342084072,4.53468154626499,19.677242712192,2.41917226692788,-1.08085244834879,2.9112268559295,-1.78570265429083,1.59349750759913,2.11680494550187,2.00895643033632,2.76176518482332,-0.0884084151771896,"Honolulu","Hawaii",-157.8167,21.3,24,2.25920070262624
